Date,Sunrise,Sunset,Day_Length
"Mon, Jan 1",6:57:11 am,4:56:11 pm,09:59:00
"Tue, Jan 2",6:57:21 am,4:56:56 pm,09:59:35
"Wed, Jan 3",6:57:30 am,4:57:43 pm,10:00:13
"Thu, Jan 4",6:57:36 am,4:58:31 pm,10:00:55
"Fri, Jan 5",6:57:41 am,4:59:20 pm,10:01:39
"Sat, Jan 6",6:57:44 am,5:00:09 pm,10:02:25
"Sun, Jan 7",6:57:45 am,5:01:00 pm,10:03:15
"Mon, Jan 8",6:57:45 am,5:01:51 pm,10:04:06
"Tue, Jan 9",6:57:42 am,5:02:44 pm,10:05:02
"Wed, Jan 10",6:57:37 am,5:03:37 pm,10:06:00
"Thu, Jan 11",6:57:31 am,5:04:30 pm,10:06:59
"Fri, Jan 12",6:57:23 am,5:05:25 pm,10:08:02
"Sat, Jan 13",6:57:13 am,5:06:20 pm,10:09:07
"Sun, Jan 14",6:57:01 am,5:07:15 pm,10:10:14
"Mon, Jan 15",6:56:47 am,5:08:11 pm,10:11:24
"Tue, Jan 16",6:56:32 am,5:09:08 pm,10:12:36
"Wed, Jan 17",6:56:14 am,5:10:05 pm,10:13:51
"Thu, Jan 18",6:55:55 am,5:11:02 pm,10:15:07
"Fri, Jan 19",6:55:34 am,5:12:00 pm,10:16:26
"Sat, Jan 20",6:55:11 am,5:12:58 pm,10:17:47
"Sun, Jan 21",6:54:46 am,5:13:56 pm,10:19:10
"Mon, Jan 22",6:54:20 am,5:14:55 pm,10:20:35
"Tue, Jan 23",6:53:52 am,5:15:53 pm,10:22:01
"Wed, Jan 24",6:53:22 am,5:16:52 pm,10:23:30
"Thu, Jan 25",6:52:51 am,5:17:51 pm,10:25:00
"Fri, Jan 26",6:52:17 am,5:18:50 pm,10:26:33
"Sat, Jan 27",6:51:43 am,5:19:49 pm,10:28:06
"Sun, Jan 28",6:51:06 am,5:20:49 pm,10:29:43
"Mon, Jan 29",6:50:28 am,5:21:48 pm,10:31:20
"Tue, Jan 30",6:49:48 am,5:22:47 pm,10:32:59
"Wed, Jan 31",6:49:07 am,5:23:46 pm,10:34:39
"Thu, Feb 1",6:48:24 am,5:24:45 pm,10:36:21
"Fri, Feb 2",6:47:40 am,5:25:44 pm,10:38:04
"Sat, Feb 3",6:46:54 am,5:26:42 pm,10:39:48
"Sun, Feb 4",6:46:06 am,5:27:41 pm,10:41:35
"Mon, Feb 5",6:45:18 am,5:28:39 pm,10:43:21
"Tue, Feb 6",6:44:28 am,5:29:37 pm,10:45:09
"Wed, Feb 7",6:43:36 am,5:30:35 pm,10:46:59
"Thu, Feb 8",6:42:43 am,5:31:33 pm,10:48:50
"Fri, Feb 9",6:41:49 am,5:32:30 pm,10:50:41
"Sat, Feb 10",6:40:53 am,5:33:28 pm,10:52:35
"Sun, Feb 11",6:39:57 am,5:34:24 pm,10:54:27
"Mon, Feb 12",6:38:59 am,5:35:21 pm,10:56:22
"Tue, Feb 13",6:38:00 am,5:36:17 pm,10:58:17
"Wed, Feb 14",6:36:59 am,5:37:13 pm,11:00:14
"Thu, Feb 15",6:35:58 am,5:38:09 pm,11:02:11
"Fri, Feb 16",6:34:55 am,5:39:04 pm,11:04:09
"Sat, Feb 17",6:33:51 am,5:39:59 pm,11:06:08
"Sun, Feb 18",6:32:47 am,5:40:54 pm,11:08:07
"Mon, Feb 19",6:31:41 am,5:41:48 pm,11:10:07
"Tue, Feb 20",6:30:34 am,5:42:42 pm,11:12:08
"Wed, Feb 21",6:29:27 am,5:43:36 pm,11:14:09
"Thu, Feb 22",6:28:18 am,5:44:29 pm,11:16:11
"Fri, Feb 23",6:27:08 am,5:45:22 pm,11:18:14
"Sat, Feb 24",6:25:58 am,5:46:15 pm,11:20:17
"Sun, Feb 25",6:24:47 am,5:47:07 pm,11:22:20
"Mon, Feb 26",6:23:35 am,5:47:59 pm,11:24:24
"Tue, Feb 27",6:22:22 am,5:48:51 pm,11:26:29
"Wed, Feb 28",6:21:09 am,5:49:42 pm,11:28:33
"Thu, Mar 1",6:19:55 am,5:50:33 pm,11:30:38
"Fri, Mar 2",6:18:40 am,5:51:24 pm,11:32:44
"Sat, Mar 3",6:17:24 am,5:52:14 pm,11:34:50
"Sun, Mar 4",6:16:08 am,5:53:04 pm,11:36:56
"Mon, Mar 5",6:14:51 am,5:53:54 pm,11:39:03
"Tue, Mar 6",6:13:34 am,5:54:43 pm,11:41:09
"Wed, Mar 7",6:12:16 am,5:55:33 pm,11:43:17
"Thu, Mar 8",6:10:58 am,5:56:21 pm,11:45:23
"Fri, Mar 9",6:09:39 am,5:57:10 pm,11:47:31
"Sat, Mar 10",6:08:20 am,5:57:58 pm,11:49:38
"Sun, Mar 11",7:07:01 am,6:58:46 pm,11:51:45
"Mon, Mar 12",7:05:41 am,6:59:34 pm,11:53:53
"Tue, Mar 13",7:04:21 am,7:00:22 pm,11:56:01
"Wed, Mar 14",7:03:00 am,7:01:09 pm,11:58:09
"Thu, Mar 15",7:01:39 am,7:01:57 pm,12:00:18
"Fri, Mar 16",7:00:18 am,7:02:44 pm,12:02:26
"Sat, Mar 17",6:58:57 am,7:03:31 pm,12:04:34
"Sun, Mar 18",6:57:35 am,7:04:17 pm,12:06:42
"Mon, Mar 19",6:56:13 am,7:05:04 pm,12:08:51
"Tue, Mar 20",6:54:52 am,7:05:50 pm,12:10:58
"Wed, Mar 21",6:53:30 am,7:06:36 pm,12:13:06
"Thu, Mar 22",6:52:08 am,7:07:23 pm,12:15:15
"Fri, Mar 23",6:50:46 am,7:08:09 pm,12:17:23
"Sat, Mar 24",6:49:24 am,7:08:55 pm,12:19:31
"Sun, Mar 25",6:48:02 am,7:09:40 pm,12:21:38
"Mon, Mar 26",6:46:40 am,7:10:26 pm,12:23:46
"Tue, Mar 27",6:45:18 am,7:11:12 pm,12:25:54
"Wed, Mar 28",6:43:56 am,7:11:57 pm,12:28:01
"Thu, Mar 29",6:42:34 am,7:12:43 pm,12:30:09
"Fri, Mar 30",6:41:13 am,7:13:29 pm,12:32:16
"Sat, Mar 31",6:39:51 am,7:14:14 pm,12:34:23
"Sun, Apr 1",6:38:30 am,7:15:00 pm,12:36:30
"Mon, Apr 2",6:37:09 am,7:15:45 pm,12:38:36
"Tue, Apr 3",6:35:49 am,7:16:31 pm,12:40:42
"Wed, Apr 4",6:34:28 am,7:17:16 pm,12:42:48
"Thu, Apr 5",6:33:08 am,7:18:02 pm,12:44:54
"Fri, Apr 6",6:31:49 am,7:18:47 pm,12:46:58
"Sat, Apr 7",6:30:29 am,7:19:33 pm,12:49:04
"Sun, Apr 8",6:29:10 am,7:20:18 pm,12:51:08
"Mon, Apr 9",6:27:52 am,7:21:04 pm,12:53:12
"Tue, Apr 10",6:26:34 am,7:21:50 pm,12:55:16
"Wed, Apr 11",6:25:17 am,7:22:36 pm,12:57:19
"Thu, Apr 12",6:24:00 am,7:23:21 pm,12:59:21
"Fri, Apr 13",6:22:44 am,7:24:07 pm,13:01:23
"Sat, Apr 14",6:21:28 am,7:24:53 pm,13:03:25
"Sun, Apr 15",6:20:13 am,7:25:40 pm,13:05:27
"Mon, Apr 16",6:18:58 am,7:26:26 pm,13:07:28
"Tue, Apr 17",6:17:44 am,7:27:12 pm,13:09:28
"Wed, Apr 18",6:16:31 am,7:27:58 pm,13:11:27
"Thu, Apr 19",6:15:19 am,7:28:45 pm,13:13:26
"Fri, Apr 20",6:14:07 am,7:29:31 pm,13:15:24
"Sat, Apr 21",6:12:57 am,7:30:18 pm,13:17:21
"Sun, Apr 22",6:11:47 am,7:31:04 pm,13:19:17
"Mon, Apr 23",6:10:37 am,7:31:51 pm,13:21:14
"Tue, Apr 24",6:09:29 am,7:32:38 pm,13:23:09
"Wed, Apr 25",6:08:22 am,7:33:24 pm,13:25:02
"Thu, Apr 26",6:07:15 am,7:34:11 pm,13:26:56
"Fri, Apr 27",6:06:10 am,7:34:58 pm,13:28:48
"Sat, Apr 28",6:05:05 am,7:35:45 pm,13:30:40
"Sun, Apr 29",6:04:02 am,7:36:32 pm,13:32:30
"Mon, Apr 30",6:02:59 am,7:37:19 pm,13:34:20
"Tue, May 1",6:01:58 am,7:38:06 pm,13:36:08
"Wed, May 2",6:00:57 am,7:38:53 pm,13:37:56
"Thu, May 3",5:59:58 am,7:39:40 pm,13:39:42
"Fri, May 4",5:59:00 am,7:40:27 pm,13:41:27
"Sat, May 5",5:58:03 am,7:41:14 pm,13:43:11
"Sun, May 6",5:57:07 am,7:42:01 pm,13:44:54
"Mon, May 7",5:56:13 am,7:42:47 pm,13:46:34
"Tue, May 8",5:55:20 am,7:43:34 pm,13:48:14
"Wed, May 9",5:54:28 am,7:44:21 pm,13:49:53
"Thu, May 10",5:53:37 am,7:45:07 pm,13:51:30
"Fri, May 11",5:52:48 am,7:45:53 pm,13:53:05
"Sat, May 12",5:51:59 am,7:46:39 pm,13:54:40
"Sun, May 13",5:51:13 am,7:47:25 pm,13:56:12
"Mon, May 14",5:50:27 am,7:48:10 pm,13:57:43
"Tue, May 15",5:49:43 am,7:48:56 pm,13:59:13
"Wed, May 16",5:49:01 am,7:49:41 pm,14:00:40
"Thu, May 17",5:48:20 am,7:50:25 pm,14:02:05
"Fri, May 18",5:47:40 am,7:51:10 pm,14:03:30
"Sat, May 19",5:47:02 am,7:51:54 pm,14:04:52
"Sun, May 20",5:46:25 am,7:52:37 pm,14:06:12
"Mon, May 21",5:45:50 am,7:53:21 pm,14:07:31
"Tue, May 22",5:45:16 am,7:54:03 pm,14:08:47
"Wed, May 23",5:44:44 am,7:54:46 pm,14:10:02
"Thu, May 24",5:44:13 am,7:55:27 pm,14:11:14
"Fri, May 25",5:43:44 am,7:56:08 pm,14:12:24
"Sat, May 26",5:43:17 am,7:56:49 pm,14:13:32
"Sun, May 27",5:42:51 am,7:57:29 pm,14:14:38
"Mon, May 28",5:42:27 am,7:58:08 pm,14:15:41
"Tue, May 29",5:42:04 am,7:58:47 pm,14:16:43
"Wed, May 30",5:41:43 am,7:59:24 pm,14:17:41
"Thu, May 31",5:41:23 am,8:00:02 pm,14:18:39
"Fri, Jun 1",5:41:05 am,8:00:38 pm,14:19:33
"Sat, Jun 2",5:40:49 am,8:01:13 pm,14:20:24
"Sun, Jun 3",5:40:34 am,8:01:48 pm,14:21:14
"Mon, Jun 4",5:40:21 am,8:02:21 pm,14:22:00
"Tue, Jun 5",5:40:10 am,8:02:54 pm,14:22:44
"Wed, Jun 6",5:40:00 am,8:03:26 pm,14:23:26
"Thu, Jun 7",5:39:51 am,8:03:57 pm,14:24:06
"Fri, Jun 8",5:39:45 am,8:04:26 pm,14:24:41
"Sat, Jun 9",5:39:40 am,8:04:55 pm,14:25:15
"Sun, Jun 10",5:39:36 am,8:05:22 pm,14:25:46
"Mon, Jun 11",5:39:34 am,8:05:49 pm,14:26:15
"Tue, Jun 12",5:39:34 am,8:06:14 pm,14:26:40
"Wed, Jun 13",5:39:35 am,8:06:38 pm,14:27:03
"Thu, Jun 14",5:39:38 am,8:07:00 pm,14:27:22
"Fri, Jun 15",5:39:42 am,8:07:22 pm,14:27:40
"Sat, Jun 16",5:39:48 am,8:07:42 pm,14:27:54
"Sun, Jun 17",5:39:55 am,8:08:01 pm,14:28:06
"Mon, Jun 18",5:40:04 am,8:08:18 pm,14:28:14
"Tue, Jun 19",5:40:14 am,8:08:34 pm,14:28:20
"Wed, Jun 20",5:40:25 am,8:08:49 pm,14:28:24
"Thu, Jun 21",5:40:38 am,8:09:02 pm,14:28:24
"Fri, Jun 22",5:40:53 am,8:09:14 pm,14:28:21
"Sat, Jun 23",5:41:08 am,8:09:24 pm,14:28:16
"Sun, Jun 24",5:41:25 am,8:09:33 pm,14:28:08
"Mon, Jun 25",5:41:43 am,8:09:40 pm,14:27:57
"Tue, Jun 26",5:42:03 am,8:09:45 pm,14:27:42
"Wed, Jun 27",5:42:24 am,8:09:50 pm,14:27:26
"Thu, Jun 28",5:42:46 am,8:09:52 pm,14:27:06
"Fri, Jun 29",5:43:09 am,8:09:53 pm,14:26:44
"Sat, Jun 30",5:43:33 am,8:09:52 pm,14:26:19
"Sun, Jul 1",5:43:59 am,8:09:50 pm,14:25:51
"Mon, Jul 2",5:44:25 am,8:09:46 pm,14:25:21
"Tue, Jul 3",5:44:53 am,8:09:41 pm,14:24:48
"Wed, Jul 4",5:45:22 am,8:09:34 pm,14:24:12
"Thu, Jul 5",5:45:51 am,8:09:25 pm,14:23:34
"Fri, Jul 6",5:46:22 am,8:09:14 pm,14:22:52
"Sat, Jul 7",5:46:53 am,8:09:02 pm,14:22:09
"Sun, Jul 8",5:47:25 am,8:08:48 pm,14:21:23
"Mon, Jul 9",5:47:59 am,8:08:33 pm,14:20:34
"Tue, Jul 10",5:48:33 am,8:08:16 pm,14:19:43
"Wed, Jul 11",5:49:07 am,8:07:57 pm,14:18:50
"Thu, Jul 12",5:49:43 am,8:07:37 pm,14:17:54
"Fri, Jul 13",5:50:19 am,8:07:15 pm,14:16:56
"Sat, Jul 14",5:50:56 am,8:06:51 pm,14:15:55
"Sun, Jul 15",5:51:33 am,8:06:26 pm,14:14:53
"Mon, Jul 16",5:52:11 am,8:05:59 pm,14:13:48
"Tue, Jul 17",5:52:50 am,8:05:31 pm,14:12:41
"Wed, Jul 18",5:53:29 am,8:05:01 pm,14:11:32
"Thu, Jul 19",5:54:09 am,8:04:29 pm,14:10:20
"Fri, Jul 20",5:54:49 am,8:03:56 pm,14:09:07
"Sat, Jul 21",5:55:29 am,8:03:21 pm,14:07:52
"Sun, Jul 22",5:56:10 am,8:02:45 pm,14:06:35
"Mon, Jul 23",5:56:51 am,8:02:07 pm,14:05:16
"Tue, Jul 24",5:57:33 am,8:01:28 pm,14:03:55
"Wed, Jul 25",5:58:15 am,8:00:47 pm,14:02:32
"Thu, Jul 26",5:58:57 am,8:00:04 pm,14:01:07
"Fri, Jul 27",5:59:40 am,7:59:21 pm,13:59:41
"Sat, Jul 28",6:00:22 am,7:58:35 pm,13:58:13
"Sun, Jul 29",6:01:05 am,7:57:49 pm,13:56:44
"Mon, Jul 30",6:01:48 am,7:57:01 pm,13:55:13
"Tue, Jul 31",6:02:32 am,7:56:11 pm,13:53:39
"Wed, Aug 1",6:03:15 am,7:55:21 pm,13:52:06
"Thu, Aug 2",6:03:59 am,7:54:28 pm,13:50:29
"Fri, Aug 3",6:04:42 am,7:53:35 pm,13:48:53
"Sat, Aug 4",6:05:26 am,7:52:40 pm,13:47:14
"Sun, Aug 5",6:06:09 am,7:51:44 pm,13:45:35
"Mon, Aug 6",6:06:53 am,7:50:47 pm,13:43:54
"Tue, Aug 7",6:07:37 am,7:49:49 pm,13:42:12
"Wed, Aug 8",6:08:21 am,7:48:49 pm,13:40:28
"Thu, Aug 9",6:09:05 am,7:47:49 pm,13:38:44
"Fri, Aug 10",6:09:48 am,7:46:47 pm,13:36:59
"Sat, Aug 11",6:10:32 am,7:45:44 pm,13:35:12
"Sun, Aug 12",6:11:16 am,7:44:40 pm,13:33:24
"Mon, Aug 13",6:11:59 am,7:43:35 pm,13:31:36
"Tue, Aug 14",6:12:43 am,7:42:29 pm,13:29:46
"Wed, Aug 15",6:13:26 am,7:41:22 pm,13:27:56
"Thu, Aug 16",6:14:10 am,7:40:14 pm,13:26:04
"Fri, Aug 17",6:14:53 am,7:39:05 pm,13:24:12
"Sat, Aug 18",6:15:36 am,7:37:55 pm,13:22:19
"Sun, Aug 19",6:16:19 am,7:36:44 pm,13:20:25
"Mon, Aug 20",6:17:02 am,7:35:32 pm,13:18:30
"Tue, Aug 21",6:17:45 am,7:34:20 pm,13:16:35
"Wed, Aug 22",6:18:28 am,7:33:06 pm,13:14:38
"Thu, Aug 23",6:19:11 am,7:31:52 pm,13:12:41
"Fri, Aug 24",6:19:53 am,7:30:37 pm,13:10:44
"Sat, Aug 25",6:20:36 am,7:29:22 pm,13:08:46
"Sun, Aug 26",6:21:18 am,7:28:06 pm,13:06:48
"Mon, Aug 27",6:22:00 am,7:26:49 pm,13:04:49
"Tue, Aug 28",6:22:42 am,7:25:31 pm,13:02:49
"Wed, Aug 29",6:23:25 am,7:24:13 pm,13:00:48
"Thu, Aug 30",6:24:06 am,7:22:54 pm,12:58:48
"Fri, Aug 31",6:24:48 am,7:21:35 pm,12:56:47
"Sat, Sep 1",6:25:30 am,7:20:15 pm,12:54:45
"Sun, Sep 2",6:26:12 am,7:18:55 pm,12:52:43
"Mon, Sep 3",6:26:53 am,7:17:34 pm,12:50:41
"Tue, Sep 4",6:27:35 am,7:16:13 pm,12:48:38
"Wed, Sep 5",6:28:16 am,7:14:51 pm,12:46:35
"Thu, Sep 6",6:28:58 am,7:13:29 pm,12:44:31
"Fri, Sep 7",6:29:39 am,7:12:07 pm,12:42:28
"Sat, Sep 8",6:30:20 am,7:10:44 pm,12:40:24
"Sun, Sep 9",6:31:02 am,7:09:21 pm,12:38:19
"Mon, Sep 10",6:31:43 am,7:07:58 pm,12:36:15
"Tue, Sep 11",6:32:24 am,7:06:34 pm,12:34:10
"Wed, Sep 12",6:33:06 am,7:05:11 pm,12:32:05
"Thu, Sep 13",6:33:47 am,7:03:47 pm,12:30:00
"Fri, Sep 14",6:34:28 am,7:02:23 pm,12:27:55
"Sat, Sep 15",6:35:10 am,7:00:59 pm,12:25:49
"Sun, Sep 16",6:35:51 am,6:59:34 pm,12:23:43
"Mon, Sep 17",6:36:33 am,6:58:10 pm,12:21:37
"Tue, Sep 18",6:37:14 am,6:56:46 pm,12:19:32
"Wed, Sep 19",6:37:56 am,6:55:21 pm,12:17:25
"Thu, Sep 20",6:38:37 am,6:53:57 pm,12:15:20
"Fri, Sep 21",6:39:19 am,6:52:32 pm,12:13:13
"Sat, Sep 22",6:40:01 am,6:51:08 pm,12:11:07
"Sun, Sep 23",6:40:43 am,6:49:44 pm,12:09:01
"Mon, Sep 24",6:41:25 am,6:48:20 pm,12:06:55
"Tue, Sep 25",6:42:08 am,6:46:56 pm,12:04:48
"Wed, Sep 26",6:42:50 am,6:45:32 pm,12:02:42
"Thu, Sep 27",6:43:33 am,6:44:09 pm,12:00:36
"Fri, Sep 28",6:44:16 am,6:42:46 pm,11:58:30
"Sat, Sep 29",6:44:59 am,6:41:23 pm,11:56:24
"Sun, Sep 30",6:45:42 am,6:40:00 pm,11:54:18
"Mon, Oct 1",6:46:26 am,6:38:38 pm,11:52:12
"Tue, Oct 2",6:47:10 am,6:37:16 pm,11:50:06
"Wed, Oct 3",6:47:54 am,6:35:54 pm,11:48:00
"Thu, Oct 4",6:48:38 am,6:34:33 pm,11:45:55
"Fri, Oct 5",6:49:23 am,6:33:12 pm,11:43:49
"Sat, Oct 6",6:50:08 am,6:31:52 pm,11:41:44
"Sun, Oct 7",6:50:53 am,6:30:32 pm,11:39:39
"Mon, Oct 8",6:51:38 am,6:29:13 pm,11:37:35
"Tue, Oct 9",6:52:24 am,6:27:54 pm,11:35:30
"Wed, Oct 10",6:53:10 am,6:26:36 pm,11:33:26
"Thu, Oct 11",6:53:56 am,6:25:19 pm,11:31:23
"Fri, Oct 12",6:54:43 am,6:24:02 pm,11:29:19
"Sat, Oct 13",6:55:30 am,6:22:46 pm,11:27:16
"Sun, Oct 14",6:56:18 am,6:21:31 pm,11:25:13
"Mon, Oct 15",6:57:05 am,6:20:16 pm,11:23:11
"Tue, Oct 16",6:57:54 am,6:19:02 pm,11:21:08
"Wed, Oct 17",6:58:42 am,6:17:49 pm,11:19:07
"Thu, Oct 18",6:59:31 am,6:16:37 pm,11:17:06
"Fri, Oct 19",7:00:20 am,6:15:26 pm,11:15:06
"Sat, Oct 20",7:01:10 am,6:14:15 pm,11:13:05
"Sun, Oct 21",7:02:00 am,6:13:06 pm,11:11:06
"Mon, Oct 22",7:02:50 am,6:11:58 pm,11:09:08
"Tue, Oct 23",7:03:41 am,6:10:50 pm,11:07:09
"Wed, Oct 24",7:04:32 am,6:09:44 pm,11:05:12
"Thu, Oct 25",7:05:23 am,6:08:38 pm,11:03:15
"Fri, Oct 26",7:06:15 am,6:07:34 pm,11:01:19
"Sat, Oct 27",7:07:07 am,6:06:31 pm,10:59:24
"Sun, Oct 28",7:08:00 am,6:05:29 pm,10:57:29
"Mon, Oct 29",7:08:52 am,6:04:28 pm,10:55:36
"Tue, Oct 30",7:09:46 am,6:03:28 pm,10:53:42
"Wed, Oct 31",7:10:39 am,6:02:30 pm,10:51:51
"Thu, Nov 1",7:11:33 am,6:01:33 pm,10:50:00
"Fri, Nov 2",7:12:27 am,6:00:37 pm,10:48:10
"Sat, Nov 3",7:13:21 am,5:59:42 pm,10:46:21
"Sun, Nov 4",6:14:16 am,4:58:49 pm,10:44:33
"Mon, Nov 5",6:15:11 am,4:57:57 pm,10:42:46
"Tue, Nov 6",6:16:06 am,4:57:07 pm,10:41:01
"Wed, Nov 7",6:17:02 am,4:56:18 pm,10:39:16
"Thu, Nov 8",6:17:57 am,4:55:31 pm,10:37:34
"Fri, Nov 9",6:18:53 am,4:54:45 pm,10:35:52
"Sat, Nov 10",6:19:49 am,4:54:00 pm,10:34:11
"Sun, Nov 11",6:20:45 am,4:53:18 pm,10:32:33
"Mon, Nov 12",6:21:42 am,4:52:36 pm,10:30:54
"Tue, Nov 13",6:22:38 am,4:51:57 pm,10:29:19
"Wed, Nov 14",6:23:34 am,4:51:19 pm,10:27:45
"Thu, Nov 15",6:24:31 am,4:50:42 pm,10:26:11
"Fri, Nov 16",6:25:27 am,4:50:08 pm,10:24:41
"Sat, Nov 17",6:26:24 am,4:49:35 pm,10:23:11
"Sun, Nov 18",6:27:20 am,4:49:04 pm,10:21:44
"Mon, Nov 19",6:28:16 am,4:48:34 pm,10:20:18
"Tue, Nov 20",6:29:12 am,4:48:06 pm,10:18:54
"Wed, Nov 21",6:30:08 am,4:47:40 pm,10:17:32
"Thu, Nov 22",6:31:04 am,4:47:16 pm,10:16:12
"Fri, Nov 23",6:31:59 am,4:46:54 pm,10:14:55
"Sat, Nov 24",6:32:55 am,4:46:33 pm,10:13:38
"Sun, Nov 25",6:33:50 am,4:46:15 pm,10:12:25
"Mon, Nov 26",6:34:44 am,4:45:58 pm,10:11:14
"Tue, Nov 27",6:35:38 am,4:45:43 pm,10:10:05
"Wed, Nov 28",6:36:32 am,4:45:30 pm,10:08:58
"Thu, Nov 29",6:37:25 am,4:45:19 pm,10:07:54
"Fri, Nov 30",6:38:18 am,4:45:10 pm,10:06:52
"Sat, Dec 1",6:39:10 am,4:45:02 pm,10:05:52
"Sun, Dec 2",6:40:01 am,4:44:57 pm,10:04:56
"Mon, Dec 3",6:40:52 am,4:44:53 pm,10:04:01
"Tue, Dec 4",6:41:42 am,4:44:52 pm,10:03:10
"Wed, Dec 5",6:42:31 am,4:44:52 pm,10:02:21
"Thu, Dec 6",6:43:20 am,4:44:54 pm,10:01:34
"Fri, Dec 7",6:44:07 am,4:44:58 pm,10:00:51
"Sat, Dec 8",6:44:54 am,4:45:04 pm,10:00:10
"Sun, Dec 9",6:45:39 am,4:45:12 pm,09:59:33
"Mon, Dec 10",6:46:24 am,4:45:21 pm,09:58:57
"Tue, Dec 11",6:47:08 am,4:45:33 pm,09:58:25
"Wed, Dec 12",6:47:50 am,4:45:46 pm,09:57:56
"Thu, Dec 13",6:48:32 am,4:46:01 pm,09:57:29
"Fri, Dec 14",6:49:12 am,4:46:18 pm,09:57:06
"Sat, Dec 15",6:49:51 am,4:46:37 pm,09:56:46
"Sun, Dec 16",6:50:29 am,4:46:58 pm,09:56:29
"Mon, Dec 17",6:51:05 am,4:47:20 pm,09:56:15
"Tue, Dec 18",6:51:40 am,4:47:44 pm,09:56:04
"Wed, Dec 19",6:52:14 am,4:48:09 pm,09:55:55
"Thu, Dec 20",6:52:46 am,4:48:37 pm,09:55:51
"Fri, Dec 21",6:53:17 am,4:49:06 pm,09:55:49
"Sat, Dec 22",6:53:46 am,4:49:36 pm,09:55:50
"Sun, Dec 23",6:54:13 am,4:50:08 pm,09:55:55
"Mon, Dec 24",6:54:39 am,4:50:42 pm,09:56:03
"Tue, Dec 25",6:55:04 am,4:51:17 pm,09:56:13
"Wed, Dec 26",6:55:27 am,4:51:53 pm,09:56:26
"Thu, Dec 27",6:55:48 am,4:52:31 pm,09:56:43
"Fri, Dec 28",6:56:07 am,4:53:10 pm,09:57:03
"Sat, Dec 29",6:56:25 am,4:53:51 pm,09:57:26
"Sun, Dec 30",6:56:41 am,4:54:33 pm,09:57:52
"Mon, Dec 31",6:56:56 am,4:55:16 pm,09:58:20
"Tue, Jan 1",6:57:08 am,4:56:00 pm,09:58:52
"Wed, Jan 2",6:57:19 am,4:56:45 pm,09:59:26
"Thu, Jan 3",6:57:28 am,4:57:32 pm,10:00:04
"Fri, Jan 4",6:57:35 am,4:58:19 pm,10:00:44
"Sat, Jan 5",6:57:40 am,4:59:08 pm,10:01:28
"Sun, Jan 6",6:57:43 am,4:59:57 pm,10:02:14
"Mon, Jan 7",6:57:45 am,5:00:47 pm,10:03:02
"Tue, Jan 8",6:57:45 am,5:01:39 pm,10:03:54
"Wed, Jan 9",6:57:43 am,5:02:31 pm,10:04:48
"Thu, Jan 10",6:57:39 am,5:03:24 pm,10:05:45
"Fri, Jan 11",6:57:33 am,5:04:17 pm,10:06:44
"Sat, Jan 12",6:57:25 am,5:05:11 pm,10:07:46
"Sun, Jan 13",6:57:15 am,5:06:06 pm,10:08:51
"Mon, Jan 14",6:57:04 am,5:07:02 pm,10:09:58
"Tue, Jan 15",6:56:51 am,5:07:57 pm,10:11:06
"Wed, Jan 16",6:56:35 am,5:08:54 pm,10:12:19
"Thu, Jan 17",6:56:18 am,5:09:51 pm,10:13:33
"Fri, Jan 18",6:56:00 am,5:10:48 pm,10:14:48
"Sat, Jan 19",6:55:39 am,5:11:46 pm,10:16:07
"Sun, Jan 20",6:55:17 am,5:12:44 pm,10:17:27
"Mon, Jan 21",6:54:52 am,5:13:42 pm,10:18:50
"Tue, Jan 22",6:54:27 am,5:14:40 pm,10:20:13
"Wed, Jan 23",6:53:59 am,5:15:39 pm,10:21:40
"Thu, Jan 24",6:53:29 am,5:16:38 pm,10:23:09
"Fri, Jan 25",6:52:58 am,5:17:37 pm,10:24:39
"Sat, Jan 26",6:52:25 am,5:18:36 pm,10:26:11
"Sun, Jan 27",6:51:51 am,5:19:35 pm,10:27:44
"Mon, Jan 28",6:51:15 am,5:20:34 pm,10:29:19
"Tue, Jan 29",6:50:37 am,5:21:33 pm,10:30:56
"Wed, Jan 30",6:49:58 am,5:22:32 pm,10:32:34
"Thu, Jan 31",6:49:17 am,5:23:31 pm,10:34:14
"Fri, Feb 1",6:48:34 am,5:24:30 pm,10:35:56
"Sat, Feb 2",6:47:50 am,5:25:29 pm,10:37:39
"Sun, Feb 3",6:47:05 am,5:26:28 pm,10:39:23
"Mon, Feb 4",6:46:18 am,5:27:27 pm,10:41:09
"Tue, Feb 5",6:45:30 am,5:28:25 pm,10:42:55
"Wed, Feb 6",6:44:40 am,5:29:23 pm,10:44:43
"Thu, Feb 7",6:43:48 am,5:30:21 pm,10:46:33
"Fri, Feb 8",6:42:56 am,5:31:19 pm,10:48:23
"Sat, Feb 9",6:42:02 am,5:32:16 pm,10:50:14
"Sun, Feb 10",6:41:07 am,5:33:14 pm,10:52:07
"Mon, Feb 11",6:40:10 am,5:34:11 pm,10:54:01
"Tue, Feb 12",6:39:13 am,5:35:07 pm,10:55:54
"Wed, Feb 13",6:38:14 am,5:36:04 pm,10:57:50
"Thu, Feb 14",6:37:14 am,5:37:00 pm,10:59:46
"Fri, Feb 15",6:36:13 am,5:37:55 pm,11:01:42
"Sat, Feb 16",6:35:10 am,5:38:51 pm,11:03:41
"Sun, Feb 17",6:34:07 am,5:39:46 pm,11:05:39
"Mon, Feb 18",6:33:02 am,5:40:41 pm,11:07:39
"Tue, Feb 19",6:31:57 am,5:41:35 pm,11:09:38
"Wed, Feb 20",6:30:50 am,5:42:29 pm,11:11:39
"Thu, Feb 21",6:29:43 am,5:43:23 pm,11:13:40
"Fri, Feb 22",6:28:35 am,5:44:16 pm,11:15:41
"Sat, Feb 23",6:27:25 am,5:45:10 pm,11:17:45
"Sun, Feb 24",6:26:15 am,5:46:02 pm,11:19:47
"Mon, Feb 25",6:25:04 am,5:46:55 pm,11:21:51
"Tue, Feb 26",6:23:52 am,5:47:47 pm,11:23:55
"Wed, Feb 27",6:22:40 am,5:48:38 pm,11:25:58
"Thu, Feb 28",6:21:27 am,5:49:30 pm,11:28:03
"Fri, Mar 1",6:20:13 am,5:50:21 pm,11:30:08
"Sat, Mar 2",6:18:58 am,5:51:12 pm,11:32:14
"Sun, Mar 3",6:17:42 am,5:52:02 pm,11:34:20
"Mon, Mar 4",6:16:27 am,5:52:52 pm,11:36:25
"Tue, Mar 5",6:15:10 am,5:53:42 pm,11:38:32
"Wed, Mar 6",6:13:53 am,5:54:31 pm,11:40:38
"Thu, Mar 7",6:12:35 am,5:55:21 pm,11:42:46
"Fri, Mar 8",6:11:17 am,5:56:10 pm,11:44:53
"Sat, Mar 9",6:09:58 am,5:56:58 pm,11:47:00
"Sun, Mar 10",7:08:39 am,6:57:47 pm,11:49:08
"Mon, Mar 11",7:07:20 am,6:58:35 pm,11:51:15
"Tue, Mar 12",7:06:00 am,6:59:23 pm,11:53:23
"Wed, Mar 13",7:04:40 am,7:00:10 pm,11:55:30
"Thu, Mar 14",7:03:19 am,7:00:58 pm,11:57:39
"Fri, Mar 15",7:01:59 am,7:01:45 pm,11:59:46
"Sat, Mar 16",7:00:38 am,7:02:32 pm,12:01:54
"Sun, Mar 17",6:59:16 am,7:03:19 pm,12:04:03
"Mon, Mar 18",6:57:55 am,7:04:06 pm,12:06:11
"Tue, Mar 19",6:56:33 am,7:04:53 pm,12:08:20
"Wed, Mar 20",6:55:11 am,7:05:39 pm,12:10:28
"Thu, Mar 21",6:53:50 am,7:06:25 pm,12:12:35
"Fri, Mar 22",6:52:28 am,7:07:11 pm,12:14:43
"Sat, Mar 23",6:51:06 am,7:07:57 pm,12:16:51
"Sun, Mar 24",6:49:43 am,7:08:43 pm,12:19:00
"Mon, Mar 25",6:48:21 am,7:09:29 pm,12:21:08
"Tue, Mar 26",6:46:59 am,7:10:15 pm,12:23:16
"Wed, Mar 27",6:45:37 am,7:11:01 pm,12:25:24
"Thu, Mar 28",6:44:16 am,7:11:46 pm,12:27:30
"Fri, Mar 29",6:42:54 am,7:12:32 pm,12:29:38
"Sat, Mar 30",6:41:32 am,7:13:17 pm,12:31:45
"Sun, Mar 31",6:40:11 am,7:14:03 pm,12:33:52
"Mon, Apr 1",6:38:50 am,7:14:49 pm,12:35:59
"Tue, Apr 2",6:37:29 am,7:15:34 pm,12:38:05
"Wed, Apr 3",6:36:08 am,7:16:20 pm,12:40:12
"Thu, Apr 4",6:34:48 am,7:17:05 pm,12:42:17
"Fri, Apr 5",6:33:28 am,7:17:51 pm,12:44:23
"Sat, Apr 6",6:32:08 am,7:18:36 pm,12:46:28
"Sun, Apr 7",6:30:48 am,7:19:22 pm,12:48:34
"Mon, Apr 8",6:29:30 am,7:20:07 pm,12:50:37
"Tue, Apr 9",6:28:11 am,7:20:53 pm,12:52:42
"Wed, Apr 10",6:26:53 am,7:21:39 pm,12:54:46
"Thu, Apr 11",6:25:35 am,7:22:25 pm,12:56:50
"Fri, Apr 12",6:24:18 am,7:23:10 pm,12:58:52
"Sat, Apr 13",6:23:02 am,7:23:56 pm,13:00:54
"Sun, Apr 14",6:21:46 am,7:24:42 pm,13:02:56
"Mon, Apr 15",6:20:31 am,7:25:28 pm,13:04:57
"Tue, Apr 16",6:19:16 am,7:26:15 pm,13:06:59
"Wed, Apr 17",6:18:02 am,7:27:01 pm,13:08:59
"Thu, Apr 18",6:16:49 am,7:27:47 pm,13:10:58
"Fri, Apr 19",6:15:36 am,7:28:33 pm,13:12:57
"Sat, Apr 20",6:14:25 am,7:29:20 pm,13:14:55
"Sun, Apr 21",6:13:14 am,7:30:06 pm,13:16:52
"Mon, Apr 22",6:12:03 am,7:30:53 pm,13:18:50
"Tue, Apr 23",6:10:54 am,7:31:40 pm,13:20:46
"Wed, Apr 24",6:09:46 am,7:32:26 pm,13:22:40
"Thu, Apr 25",6:08:38 am,7:33:13 pm,13:24:35
"Fri, Apr 26",6:07:31 am,7:34:00 pm,13:26:29
"Sat, Apr 27",6:06:26 am,7:34:47 pm,13:28:21
"Sun, Apr 28",6:05:21 am,7:35:34 pm,13:30:13
"Mon, Apr 29",6:04:17 am,7:36:21 pm,13:32:04
"Tue, Apr 30",6:03:14 am,7:37:08 pm,13:33:54
"Wed, May 1",6:02:13 am,7:37:55 pm,13:35:42
"Thu, May 2",6:01:12 am,7:38:42 pm,13:37:30
"Fri, May 3",6:00:13 am,7:39:29 pm,13:39:16
"Sat, May 4",5:59:14 am,7:40:16 pm,13:41:02
"Sun, May 5",5:58:17 am,7:41:03 pm,13:42:46
"Mon, May 6",5:57:21 am,7:41:49 pm,13:44:28
"Tue, May 7",5:56:26 am,7:42:36 pm,13:46:10
"Wed, May 8",5:55:33 am,7:43:23 pm,13:47:50
"Thu, May 9",5:54:40 am,7:44:09 pm,13:49:29
"Fri, May 10",5:53:49 am,7:44:56 pm,13:51:07
"Sat, May 11",5:52:59 am,7:45:42 pm,13:52:43
"Sun, May 12",5:52:11 am,7:46:28 pm,13:54:17
"Mon, May 13",5:51:24 am,7:47:14 pm,13:55:50
"Tue, May 14",5:50:38 am,7:48:00 pm,13:57:22
"Wed, May 15",5:49:54 am,7:48:45 pm,13:58:51
"Thu, May 16",5:49:11 am,7:49:30 pm,14:00:19
"Fri, May 17",5:48:30 am,7:50:15 pm,14:01:45
"Sat, May 18",5:47:50 am,7:50:59 pm,14:03:09
"Sun, May 19",5:47:11 am,7:51:43 pm,14:04:32
"Mon, May 20",5:46:34 am,7:52:27 pm,14:05:53
"Tue, May 21",5:45:58 am,7:53:10 pm,14:07:12
"Wed, May 22",5:45:24 am,7:53:53 pm,14:08:29
"Thu, May 23",5:44:52 am,7:54:35 pm,14:09:43
"Fri, May 24",5:44:21 am,7:55:17 pm,14:10:56
"Sat, May 25",5:43:51 am,7:55:59 pm,14:12:08
"Sun, May 26",5:43:23 am,7:56:39 pm,14:13:16
"Mon, May 27",5:42:57 am,7:57:19 pm,14:14:22
"Tue, May 28",5:42:32 am,7:57:59 pm,14:15:27
"Wed, May 29",5:42:09 am,7:58:37 pm,14:16:28
"Thu, May 30",5:41:48 am,7:59:15 pm,14:17:27
"Fri, May 31",5:41:28 am,7:59:53 pm,14:18:25
"Sat, Jun 1",5:41:10 am,8:00:29 pm,14:19:19
"Sun, Jun 2",5:40:53 am,8:01:05 pm,14:20:12
"Mon, Jun 3",5:40:38 am,8:01:40 pm,14:21:02
"Tue, Jun 4",5:40:24 am,8:02:13 pm,14:21:49
"Wed, Jun 5",5:40:12 am,8:02:46 pm,14:22:34
"Thu, Jun 6",5:40:02 am,8:03:18 pm,14:23:16
"Fri, Jun 7",5:39:53 am,8:03:49 pm,14:23:56
"Sat, Jun 8",5:39:46 am,8:04:19 pm,14:24:33
"Sun, Jun 9",5:39:41 am,8:04:48 pm,14:25:07
"Mon, Jun 10",5:39:37 am,8:05:16 pm,14:25:39
"Tue, Jun 11",5:39:35 am,8:05:42 pm,14:26:07
"Wed, Jun 12",5:39:34 am,8:06:08 pm,14:26:34
"Thu, Jun 13",5:39:35 am,8:06:32 pm,14:26:57
"Fri, Jun 14",5:39:37 am,8:06:55 pm,14:27:18
"Sat, Jun 15",5:39:41 am,8:07:17 pm,14:27:36
"Sun, Jun 16",5:39:46 am,8:07:37 pm,14:27:51
"Mon, Jun 17",5:39:53 am,8:07:56 pm,14:28:03
"Tue, Jun 18",5:40:01 am,8:08:14 pm,14:28:13
"Wed, Jun 19",5:40:11 am,8:08:30 pm,14:28:19
"Thu, Jun 20",5:40:22 am,8:08:45 pm,14:28:23
"Fri, Jun 21",5:40:35 am,8:08:59 pm,14:28:24
"Sat, Jun 22",5:40:49 am,8:09:11 pm,14:28:22
"Sun, Jun 23",5:41:04 am,8:09:22 pm,14:28:18
"Mon, Jun 24",5:41:21 am,8:09:31 pm,14:28:10
"Tue, Jun 25",5:41:39 am,8:09:38 pm,14:27:59
"Wed, Jun 26",5:41:58 am,8:09:44 pm,14:27:46
"Thu, Jun 27",5:42:19 am,8:09:49 pm,14:27:30
"Fri, Jun 28",5:42:41 am,8:09:52 pm,14:27:11
"Sat, Jun 29",5:43:04 am,8:09:53 pm,14:26:49
"Sun, Jun 30",5:43:28 am,8:09:53 pm,14:26:25
"Mon, Jul 1",5:43:53 am,8:09:51 pm,14:25:58
"Tue, Jul 2",5:44:19 am,8:09:47 pm,14:25:28
"Wed, Jul 3",5:44:46 am,8:09:42 pm,14:24:56
"Thu, Jul 4",5:45:15 am,8:09:36 pm,14:24:21
"Fri, Jul 5",5:45:44 am,8:09:27 pm,14:23:43
"Sat, Jul 6",5:46:14 am,8:09:17 pm,14:23:03
"Sun, Jul 7",5:46:46 am,8:09:05 pm,14:22:19
"Mon, Jul 8",5:47:18 am,8:08:52 pm,14:21:34
"Tue, Jul 9",5:47:51 am,8:08:37 pm,14:20:46
"Wed, Jul 10",5:48:24 am,8:08:20 pm,14:19:56
"Thu, Jul 11",5:48:59 am,8:08:02 pm,14:19:03
"Fri, Jul 12",5:49:34 am,8:07:42 pm,14:18:08
"Sat, Jul 13",5:50:10 am,8:07:21 pm,14:17:11
"Sun, Jul 14",5:50:47 am,8:06:57 pm,14:16:10
"Mon, Jul 15",5:51:24 am,8:06:32 pm,14:15:08
"Tue, Jul 16",5:52:02 am,8:06:06 pm,14:14:04
"Wed, Jul 17",5:52:41 am,8:05:38 pm,14:12:57
"Thu, Jul 18",5:53:20 am,8:05:08 pm,14:11:48
"Fri, Jul 19",5:53:59 am,8:04:37 pm,14:10:38
"Sat, Jul 20",5:54:39 am,8:04:04 pm,14:09:25
"Sun, Jul 21",5:55:19 am,8:03:30 pm,14:08:11
"Mon, Jul 22",5:56:00 am,8:02:54 pm,14:06:54
"Tue, Jul 23",5:56:42 am,8:02:16 pm,14:05:34
"Wed, Jul 24",5:57:23 am,8:01:37 pm,14:04:14
"Thu, Jul 25",5:58:05 am,8:00:57 pm,14:02:52
"Fri, Jul 26",5:58:47 am,8:00:15 pm,14:01:28
"Sat, Jul 27",5:59:30 am,7:59:31 pm,14:00:01
"Sun, Jul 28",6:00:12 am,7:58:47 pm,13:58:35
"Mon, Jul 29",6:00:55 am,7:58:00 pm,13:57:05
"Tue, Jul 30",6:01:38 am,7:57:13 pm,13:55:35
"Wed, Jul 31",6:02:21 am,7:56:23 pm,13:54:02
"Thu, Aug 1",6:03:05 am,7:55:33 pm,13:52:28
"Fri, Aug 2",6:03:48 am,7:54:41 pm,13:50:53
"Sat, Aug 3",6:04:32 am,7:53:48 pm,13:49:16
"Sun, Aug 4",6:05:15 am,7:52:54 pm,13:47:39
"Mon, Aug 5",6:05:59 am,7:51:58 pm,13:45:59
"Tue, Aug 6",6:06:43 am,7:51:01 pm,13:44:18
"Wed, Aug 7",6:07:27 am,7:50:03 pm,13:42:36
"Thu, Aug 8",6:08:10 am,7:49:04 pm,13:40:54
"Fri, Aug 9",6:08:54 am,7:48:04 pm,13:39:10
"Sat, Aug 10",6:09:38 am,7:47:02 pm,13:37:24
"Sun, Aug 11",6:10:22 am,7:45:59 pm,13:35:37
"Mon, Aug 12",6:11:05 am,7:44:56 pm,13:33:51
"Tue, Aug 13",6:11:49 am,7:43:51 pm,13:32:02
"Wed, Aug 14",6:12:32 am,7:42:45 pm,13:30:13
"Thu, Aug 15",6:13:16 am,7:41:38 pm,13:28:22
"Fri, Aug 16",6:13:59 am,7:40:30 pm,13:26:31
"Sat, Aug 17",6:14:43 am,7:39:21 pm,13:24:38
"Sun, Aug 18",6:15:26 am,7:38:12 pm,13:22:46
"Mon, Aug 19",6:16:09 am,7:37:01 pm,13:20:52
"Tue, Aug 20",6:16:52 am,7:35:50 pm,13:18:58
"Wed, Aug 21",6:17:35 am,7:34:37 pm,13:17:02
"Thu, Aug 22",6:18:18 am,7:33:24 pm,13:15:06
"Fri, Aug 23",6:19:01 am,7:32:10 pm,13:13:09
"Sat, Aug 24",6:19:43 am,7:30:56 pm,13:11:13
"Sun, Aug 25",6:20:26 am,7:29:40 pm,13:09:14
"Mon, Aug 26",6:21:08 am,7:28:24 pm,13:07:16
"Tue, Aug 27",6:21:50 am,7:27:07 pm,13:05:17
"Wed, Aug 28",6:22:32 am,7:25:50 pm,13:03:18
"Thu, Aug 29",6:23:14 am,7:24:32 pm,13:01:18
"Fri, Aug 30",6:23:56 am,7:23:13 pm,12:59:17
"Sat, Aug 31",6:24:38 am,7:21:54 pm,12:57:16
"Sun, Sep 1",6:25:20 am,7:20:35 pm,12:55:15
"Mon, Sep 2",6:26:02 am,7:19:14 pm,12:53:12
"Tue, Sep 3",6:26:43 am,7:17:54 pm,12:51:11
"Wed, Sep 4",6:27:25 am,7:16:33 pm,12:49:08
"Thu, Sep 5",6:28:06 am,7:15:11 pm,12:47:05
"Fri, Sep 6",6:28:48 am,7:13:49 pm,12:45:01
"Sat, Sep 7",6:29:29 am,7:12:27 pm,12:42:58
"Sun, Sep 8",6:30:11 am,7:11:04 pm,12:40:53
"Mon, Sep 9",6:30:52 am,7:09:41 pm,12:38:49
"Tue, Sep 10",6:31:33 am,7:08:18 pm,12:36:45
"Wed, Sep 11",6:32:14 am,7:06:55 pm,12:34:41
"Thu, Sep 12",6:32:56 am,7:05:31 pm,12:32:35
"Fri, Sep 13",6:33:37 am,7:04:07 pm,12:30:30
"Sat, Sep 14",6:34:18 am,7:02:43 pm,12:28:25
"Sun, Sep 15",6:35:00 am,7:01:19 pm,12:26:19
"Mon, Sep 16",6:35:41 am,6:59:55 pm,12:24:14
"Tue, Sep 17",6:36:23 am,6:58:30 pm,12:22:07
"Wed, Sep 18",6:37:04 am,6:57:06 pm,12:20:02
"Thu, Sep 19",6:37:46 am,6:55:42 pm,12:17:56
"Fri, Sep 20",6:38:27 am,6:54:17 pm,12:15:50
"Sat, Sep 21",6:39:09 am,6:52:53 pm,12:13:44
"Sun, Sep 22",6:39:51 am,6:51:29 pm,12:11:38
"Mon, Sep 23",6:40:33 am,6:50:04 pm,12:09:31
"Tue, Sep 24",6:41:15 am,6:48:40 pm,12:07:25
"Wed, Sep 25",6:41:58 am,6:47:16 pm,12:05:18
"Thu, Sep 26",6:42:40 am,6:45:53 pm,12:03:13
"Fri, Sep 27",6:43:23 am,6:44:29 pm,12:01:06
"Sat, Sep 28",6:44:06 am,6:43:06 pm,11:59:00
"Sun, Sep 29",6:44:49 am,6:41:43 pm,11:56:54
"Mon, Sep 30",6:45:32 am,6:40:20 pm,11:54:48
"Tue, Oct 1",6:46:15 am,6:38:58 pm,11:52:43
"Wed, Oct 2",6:46:59 am,6:37:35 pm,11:50:36
"Thu, Oct 3",6:47:43 am,6:36:14 pm,11:48:31
"Fri, Oct 4",6:48:27 am,6:34:52 pm,11:46:25
"Sat, Oct 5",6:49:12 am,6:33:32 pm,11:44:20
"Sun, Oct 6",6:49:57 am,6:32:11 pm,11:42:14
"Mon, Oct 7",6:50:42 am,6:30:51 pm,11:40:09
"Tue, Oct 8",6:51:27 am,6:29:32 pm,11:38:05
"Wed, Oct 9",6:52:13 am,6:28:13 pm,11:36:00
"Thu, Oct 10",6:52:59 am,6:26:55 pm,11:33:56
"Fri, Oct 11",6:53:45 am,6:25:38 pm,11:31:53
"Sat, Oct 12",6:54:32 am,6:24:21 pm,11:29:49
"Sun, Oct 13",6:55:19 am,6:23:04 pm,11:27:45
"Mon, Oct 14",6:56:06 am,6:21:49 pm,11:25:43
"Tue, Oct 15",6:56:54 am,6:20:34 pm,11:23:40
"Wed, Oct 16",6:57:42 am,6:19:20 pm,11:21:38
"Thu, Oct 17",6:58:30 am,6:18:07 pm,11:19:37
"Fri, Oct 18",6:59:19 am,6:16:55 pm,11:17:36
"Sat, Oct 19",7:00:08 am,6:15:43 pm,11:15:35
"Sun, Oct 20",7:00:58 am,6:14:32 pm,11:13:34
"Mon, Oct 21",7:01:47 am,6:13:23 pm,11:11:36
"Tue, Oct 22",7:02:38 am,6:12:14 pm,11:09:36
"Wed, Oct 23",7:03:28 am,6:11:06 pm,11:07:38
"Thu, Oct 24",7:04:19 am,6:10:00 pm,11:05:41
"Fri, Oct 25",7:05:11 am,6:08:54 pm,11:03:43
"Sat, Oct 26",7:06:02 am,6:07:49 pm,11:01:47
"Sun, Oct 27",7:06:54 am,6:06:46 pm,10:59:52
"Mon, Oct 28",7:07:47 am,6:05:44 pm,10:57:57
"Tue, Oct 29",7:08:40 am,6:04:42 pm,10:56:02
"Wed, Oct 30",7:09:33 am,6:03:42 pm,10:54:09
"Thu, Oct 31",7:10:26 am,6:02:44 pm,10:52:18
"Fri, Nov 1",7:11:20 am,6:01:46 pm,10:50:26
"Sat, Nov 2",7:12:14 am,6:00:50 pm,10:48:36
"Sun, Nov 3",6:13:08 am,4:59:55 pm,10:46:47
"Mon, Nov 4",6:14:03 am,4:59:02 pm,10:44:59
"Tue, Nov 5",6:14:58 am,4:58:10 pm,10:43:12
"Wed, Nov 6",6:15:53 am,4:57:19 pm,10:41:26
"Thu, Nov 7",6:16:48 am,4:56:30 pm,10:39:42
"Fri, Nov 8",6:17:44 am,4:55:42 pm,10:37:58
"Sat, Nov 9",6:18:40 am,4:54:56 pm,10:36:16
"Sun, Nov 10",6:19:36 am,4:54:11 pm,10:34:35
"Mon, Nov 11",6:20:32 am,4:53:28 pm,10:32:56
"Tue, Nov 12",6:21:28 am,4:52:46 pm,10:31:18
"Wed, Nov 13",6:22:24 am,4:52:06 pm,10:29:42
"Thu, Nov 14",6:23:20 am,4:51:28 pm,10:28:08
"Fri, Nov 15",6:24:17 am,4:50:51 pm,10:26:34
"Sat, Nov 16",6:25:13 am,4:50:16 pm,10:25:03
"Sun, Nov 17",6:26:10 am,4:49:43 pm,10:23:33
"Mon, Nov 18",6:27:06 am,4:49:11 pm,10:22:05
"Tue, Nov 19",6:28:02 am,4:48:41 pm,10:20:39
"Wed, Nov 20",6:28:59 am,4:48:13 pm,10:19:14
"Thu, Nov 21",6:29:55 am,4:47:46 pm,10:17:51
"Fri, Nov 22",6:30:50 am,4:47:22 pm,10:16:32
"Sat, Nov 23",6:31:46 am,4:46:59 pm,10:15:13
"Sun, Nov 24",6:32:41 am,4:46:38 pm,10:13:57
"Mon, Nov 25",6:33:36 am,4:46:19 pm,10:12:43
"Tue, Nov 26",6:34:31 am,4:46:02 pm,10:11:31
"Wed, Nov 27",6:35:25 am,4:45:46 pm,10:10:21
"Thu, Nov 28",6:36:19 am,4:45:33 pm,10:09:14
"Fri, Nov 29",6:37:12 am,4:45:21 pm,10:08:09
"Sat, Nov 30",6:38:05 am,4:45:12 pm,10:07:07
"Sun, Dec 1",6:38:57 am,4:45:04 pm,10:06:07
"Mon, Dec 2",6:39:49 am,4:44:58 pm,10:05:09
"Tue, Dec 3",6:40:40 am,4:44:54 pm,10:04:14
"Wed, Dec 4",6:41:30 am,4:44:52 pm,10:03:22
"Thu, Dec 5",6:42:19 am,4:44:52 pm,10:02:33
"Fri, Dec 6",6:43:08 am,4:44:53 pm,10:01:45
"Sat, Dec 7",6:43:56 am,4:44:57 pm,10:01:01
"Sun, Dec 8",6:44:42 am,4:45:02 pm,10:00:20
"Mon, Dec 9",6:45:28 am,4:45:10 pm,09:59:42
"Tue, Dec 10",6:46:13 am,4:45:19 pm,09:59:06
"Wed, Dec 11",6:46:57 am,4:45:30 pm,09:58:33
"Thu, Dec 12",6:47:40 am,4:45:43 pm,09:58:03
"Fri, Dec 13",6:48:22 am,4:45:57 pm,09:57:35
"Sat, Dec 14",6:49:02 am,4:46:14 pm,09:57:12
"Sun, Dec 15",6:49:41 am,4:46:32 pm,09:56:51
"Mon, Dec 16",6:50:19 am,4:46:52 pm,09:56:33
"Tue, Dec 17",6:50:56 am,4:47:14 pm,09:56:18
"Wed, Dec 18",6:51:31 am,4:47:38 pm,09:56:07
"Thu, Dec 19",6:52:05 am,4:48:03 pm,09:55:58
"Fri, Dec 20",6:52:38 am,4:48:30 pm,09:55:52
"Sat, Dec 21",6:53:09 am,4:48:58 pm,09:55:49
"Sun, Dec 22",6:53:39 am,4:49:28 pm,09:55:49
"Mon, Dec 23",6:54:07 am,4:50:00 pm,09:55:53
"Tue, Dec 24",6:54:33 am,4:50:33 pm,09:56:00
"Wed, Dec 25",6:54:58 am,4:51:08 pm,09:56:10
"Thu, Dec 26",6:55:21 am,4:51:44 pm,09:56:23
"Fri, Dec 27",6:55:43 am,4:52:22 pm,09:56:39
"Sat, Dec 28",6:56:03 am,4:53:00 pm,09:56:57
"Sun, Dec 29",6:56:21 am,4:53:41 pm,09:57:20
"Mon, Dec 30",6:56:37 am,4:54:22 pm,09:57:45
"Tue, Dec 31",6:56:52 am,4:55:05 pm,09:58:13
"Wed, Jan 1",6:57:05 am,4:55:49 pm,09:58:44
"Thu, Jan 2",6:57:16 am,4:56:34 pm,09:59:18
"Fri, Jan 3",6:57:26 am,4:57:20 pm,09:59:54
"Sat, Jan 4",6:57:33 am,4:58:07 pm,10:00:34
"Sun, Jan 5",6:57:39 am,4:58:56 pm,10:01:17
"Mon, Jan 6",6:57:43 am,4:59:45 pm,10:02:02
"Tue, Jan 7",6:57:45 am,5:00:35 pm,10:02:50
"Wed, Jan 8",6:57:45 am,5:01:26 pm,10:03:41
"Thu, Jan 9",6:57:43 am,5:02:18 pm,10:04:35
"Fri, Jan 10",6:57:40 am,5:03:11 pm,10:05:31
"Sat, Jan 11",6:57:34 am,5:04:04 pm,10:06:30
"Sun, Jan 12",6:57:27 am,5:04:58 pm,10:07:31
"Mon, Jan 13",6:57:18 am,5:05:53 pm,10:08:35
"Tue, Jan 14",6:57:07 am,5:06:48 pm,10:09:41
"Wed, Jan 15",6:56:54 am,5:07:44 pm,10:10:50
"Thu, Jan 16",6:56:39 am,5:08:40 pm,10:12:01
"Fri, Jan 17",6:56:23 am,5:09:37 pm,10:13:14
"Sat, Jan 18",6:56:04 am,5:10:34 pm,10:14:30
"Sun, Jan 19",6:55:44 am,5:11:31 pm,10:15:47
"Mon, Jan 20",6:55:22 am,5:12:29 pm,10:17:07
"Tue, Jan 21",6:54:58 am,5:13:28 pm,10:18:30
"Wed, Jan 22",6:54:33 am,5:14:26 pm,10:19:53
"Thu, Jan 23",6:54:06 am,5:15:25 pm,10:21:19
"Fri, Jan 24",6:53:37 am,5:16:23 pm,10:22:46
"Sat, Jan 25",6:53:06 am,5:17:22 pm,10:24:16
"Sun, Jan 26",6:52:33 am,5:18:21 pm,10:25:48
"Mon, Jan 27",6:51:59 am,5:19:20 pm,10:27:21
"Tue, Jan 28",6:51:24 am,5:20:20 pm,10:28:56
"Wed, Jan 29",6:50:46 am,5:21:19 pm,10:30:33
"Thu, Jan 30",6:50:07 am,5:22:18 pm,10:32:11
"Fri, Jan 31",6:49:27 am,5:23:17 pm,10:33:50
"Sat, Feb 1",6:48:45 am,5:24:16 pm,10:35:31
"Sun, Feb 2",6:48:01 am,5:25:15 pm,10:37:14
"Mon, Feb 3",6:47:16 am,5:26:14 pm,10:38:58
"Tue, Feb 4",6:46:29 am,5:27:12 pm,10:40:43
"Wed, Feb 5",6:45:41 am,5:28:11 pm,10:42:30
"Thu, Feb 6",6:44:52 am,5:29:09 pm,10:44:17
"Fri, Feb 7",6:44:01 am,5:30:07 pm,10:46:06
"Sat, Feb 8",6:43:09 am,5:31:05 pm,10:47:56
"Sun, Feb 9",6:42:15 am,5:32:02 pm,10:49:47
"Mon, Feb 10",6:41:20 am,5:33:00 pm,10:51:40
"Tue, Feb 11",6:40:24 am,5:33:57 pm,10:53:33
"Wed, Feb 12",6:39:27 am,5:34:53 pm,10:55:26
"Thu, Feb 13",6:38:28 am,5:35:50 pm,10:57:22
"Fri, Feb 14",6:37:28 am,5:36:46 pm,10:59:18
"Sat, Feb 15",6:36:27 am,5:37:42 pm,11:01:15
"Sun, Feb 16",6:35:25 am,5:38:37 pm,11:03:12
"Mon, Feb 17",6:34:22 am,5:39:33 pm,11:05:11
"Tue, Feb 18",6:33:18 am,5:40:27 pm,11:07:09
"Wed, Feb 19",6:32:13 am,5:41:22 pm,11:09:09
"Thu, Feb 20",6:31:06 am,5:42:16 pm,11:11:10
"Fri, Feb 21",6:29:59 am,5:43:10 pm,11:13:11
"Sat, Feb 22",6:28:51 am,5:44:03 pm,11:15:12
"Sun, Feb 23",6:27:42 am,5:44:57 pm,11:17:15
"Mon, Feb 24",6:26:32 am,5:45:49 pm,11:19:17
"Tue, Feb 25",6:25:21 am,5:46:42 pm,11:21:21
"Wed, Feb 26",6:24:10 am,5:47:34 pm,11:23:24
"Thu, Feb 27",6:22:57 am,5:48:26 pm,11:25:29
"Fri, Feb 28",6:21:44 am,5:49:17 pm,11:27:33
"Sat, Feb 29",6:20:30 am,5:50:08 pm,11:29:38
"Sun, Mar 1",6:19:16 am,5:50:59 pm,11:31:43
"Mon, Mar 2",6:18:01 am,5:51:50 pm,11:33:49
"Tue, Mar 3",6:16:45 am,5:52:40 pm,11:35:55
"Wed, Mar 4",6:15:29 am,5:53:30 pm,11:38:01
"Thu, Mar 5",6:14:12 am,5:54:19 pm,11:40:07
"Fri, Mar 6",6:12:54 am,5:55:09 pm,11:42:15
"Sat, Mar 7",6:11:36 am,5:55:58 pm,11:44:22
"Sun, Mar 8",7:10:17 am,6:56:46 pm,11:46:29
"Mon, Mar 9",7:08:59 am,6:57:35 pm,11:48:36
"Tue, Mar 10",7:07:39 am,6:58:23 pm,11:50:44
"Wed, Mar 11",7:06:19 am,6:59:11 pm,11:52:52
"Thu, Mar 12",7:04:59 am,6:59:59 pm,11:55:00
"Fri, Mar 13",7:03:39 am,7:00:46 pm,11:57:07
"Sat, Mar 14",7:02:18 am,7:01:34 pm,11:59:16
"Sun, Mar 15",7:00:57 am,7:02:21 pm,12:01:24
"Mon, Mar 16",6:59:36 am,7:03:08 pm,12:03:32
"Tue, Mar 17",6:58:15 am,7:03:55 pm,12:05:40
"Wed, Mar 18",6:56:53 am,7:04:41 pm,12:07:48
"Thu, Mar 19",6:55:31 am,7:05:28 pm,12:09:57
"Fri, Mar 20",6:54:09 am,7:06:14 pm,12:12:05
"Sat, Mar 21",6:52:47 am,7:07:00 pm,12:14:13
"Sun, Mar 22",6:51:25 am,7:07:46 pm,12:16:21
"Mon, Mar 23",6:50:03 am,7:08:32 pm,12:18:29
"Tue, Mar 24",6:48:41 am,7:09:18 pm,12:20:37
"Wed, Mar 25",6:47:19 am,7:10:04 pm,12:22:45
"Thu, Mar 26",6:45:57 am,7:10:50 pm,12:24:53
"Fri, Mar 27",6:44:35 am,7:11:35 pm,12:27:00
"Sat, Mar 28",6:43:14 am,7:12:21 pm,12:29:07
"Sun, Mar 29",6:41:52 am,7:13:06 pm,12:31:14
"Mon, Mar 30",6:40:31 am,7:13:52 pm,12:33:21
"Tue, Mar 31",6:39:09 am,7:14:37 pm,12:35:28
"Wed, Apr 1",6:37:48 am,7:15:23 pm,12:37:35
"Thu, Apr 2",6:36:28 am,7:16:08 pm,12:39:40
"Fri, Apr 3",6:35:07 am,7:16:54 pm,12:41:47
"Sat, Apr 4",6:33:47 am,7:17:40 pm,12:43:53
"Sun, Apr 5",6:32:27 am,7:18:25 pm,12:45:58
"Mon, Apr 6",6:31:08 am,7:19:11 pm,12:48:03
"Tue, Apr 7",6:29:49 am,7:19:56 pm,12:50:07
"Wed, Apr 8",6:28:30 am,7:20:42 pm,12:52:12
"Thu, Apr 9",6:27:12 am,7:21:28 pm,12:54:16
"Fri, Apr 10",6:25:54 am,7:22:13 pm,12:56:19
"Sat, Apr 11",6:24:37 am,7:22:59 pm,12:58:22
"Sun, Apr 12",6:23:20 am,7:23:45 pm,13:00:25
"Mon, Apr 13",6:22:04 am,7:24:31 pm,13:02:27
"Tue, Apr 14",6:20:49 am,7:25:17 pm,13:04:28
"Wed, Apr 15",6:19:34 am,7:26:03 pm,13:06:29
"Thu, Apr 16",6:18:20 am,7:26:50 pm,13:08:30
"Fri, Apr 17",6:17:07 am,7:27:36 pm,13:10:29
"Sat, Apr 18",6:15:54 am,7:28:22 pm,13:12:28
"Sun, Apr 19",6:14:42 am,7:29:09 pm,13:14:27
"Mon, Apr 20",6:13:31 am,7:29:55 pm,13:16:24
"Tue, Apr 21",6:12:20 am,7:30:42 pm,13:18:22
"Wed, Apr 22",6:11:11 am,7:31:28 pm,13:20:17
"Thu, Apr 23",6:10:02 am,7:32:15 pm,13:22:13
"Fri, Apr 24",6:08:54 am,7:33:02 pm,13:24:08
"Sat, Apr 25",6:07:47 am,7:33:49 pm,13:26:02
"Sun, Apr 26",6:06:41 am,7:34:36 pm,13:27:55
"Mon, Apr 27",6:05:36 am,7:35:23 pm,13:29:47
"Tue, Apr 28",6:04:32 am,7:36:09 pm,13:31:37
"Wed, Apr 29",6:03:29 am,7:36:56 pm,13:33:27
"Thu, Apr 30",6:02:28 am,7:37:43 pm,13:35:15
"Fri, May 1",6:01:27 am,7:38:30 pm,13:37:03
"Sat, May 2",6:00:27 am,7:39:17 pm,13:38:50
"Sun, May 3",5:59:28 am,7:40:04 pm,13:40:36
"Mon, May 4",5:58:31 am,7:40:51 pm,13:42:20
"Tue, May 5",5:57:34 am,7:41:38 pm,13:44:04
"Wed, May 6",5:56:39 am,7:42:25 pm,13:45:46
"Thu, May 7",5:55:45 am,7:43:12 pm,13:47:27
"Fri, May 8",5:54:53 am,7:43:58 pm,13:49:05
"Sat, May 9",5:54:02 am,7:44:45 pm,13:50:43
"Sun, May 10",5:53:11 am,7:45:31 pm,13:52:20
"Mon, May 11",5:52:23 am,7:46:17 pm,13:53:54
"Tue, May 12",5:51:35 am,7:47:03 pm,13:55:28
"Wed, May 13",5:50:49 am,7:47:49 pm,13:57:00
"Thu, May 14",5:50:05 am,7:48:34 pm,13:58:29
"Fri, May 15",5:49:21 am,7:49:19 pm,13:59:58
"Sat, May 16",5:48:40 am,7:50:04 pm,14:01:24
"Sun, May 17",5:47:59 am,7:50:49 pm,14:02:50
"Mon, May 18",5:47:20 am,7:51:33 pm,14:04:13
"Tue, May 19",5:46:43 am,7:52:17 pm,14:05:34
"Wed, May 20",5:46:07 am,7:53:00 pm,14:06:53
"Thu, May 21",5:45:33 am,7:53:43 pm,14:08:10
"Fri, May 22",5:45:00 am,7:54:25 pm,14:09:25
"Sat, May 23",5:44:28 am,7:55:07 pm,14:10:39
"Sun, May 24",5:43:58 am,7:55:49 pm,14:11:51
"Mon, May 25",5:43:30 am,7:56:30 pm,14:13:00
"Tue, May 26",5:43:04 am,7:57:10 pm,14:14:06
"Wed, May 27",5:42:38 am,7:57:49 pm,14:15:11
"Thu, May 28",5:42:15 am,7:58:28 pm,14:16:13
"Fri, May 29",5:41:53 am,7:59:06 pm,14:17:13
"Sat, May 30",5:41:33 am,7:59:44 pm,14:18:11
"Sun, May 31",5:41:14 am,8:00:21 pm,14:19:07
"Mon, Jun 1",5:40:57 am,8:00:56 pm,14:19:59
"Tue, Jun 2",5:40:41 am,8:01:31 pm,14:20:50
"Wed, Jun 3",5:40:27 am,8:02:05 pm,14:21:38
"Thu, Jun 4",5:40:15 am,8:02:39 pm,14:22:24
"Fri, Jun 5",5:40:05 am,8:03:11 pm,14:23:06
"Sat, Jun 6",5:39:56 am,8:03:42 pm,14:23:46
"Sun, Jun 7",5:39:48 am,8:04:12 pm,14:24:24
"Mon, Jun 8",5:39:42 am,8:04:41 pm,14:24:59
"Tue, Jun 9",5:39:38 am,8:05:09 pm,14:25:31
"Wed, Jun 10",5:39:35 am,8:05:36 pm,14:26:01
"Thu, Jun 11",5:39:34 am,8:06:02 pm,14:26:28
"Fri, Jun 12",5:39:35 am,8:06:26 pm,14:26:51
"Sat, Jun 13",5:39:36 am,8:06:50 pm,14:27:14
"Sun, Jun 14",5:39:40 am,8:07:12 pm,14:27:32
"Mon, Jun 15",5:39:45 am,8:07:33 pm,14:27:48
"Tue, Jun 16",5:39:52 am,8:07:52 pm,14:28:00
"Wed, Jun 17",5:39:59 am,8:08:10 pm,14:28:11
"Thu, Jun 18",5:40:09 am,8:08:27 pm,14:28:18
"Fri, Jun 19",5:40:20 am,8:08:42 pm,14:28:22
"Sat, Jun 20",5:40:32 am,8:08:56 pm,14:28:24
"Sun, Jun 21",5:40:46 am,8:09:08 pm,14:28:22
"Mon, Jun 22",5:41:01 am,8:09:19 pm,14:28:18
"Tue, Jun 23",5:41:17 am,8:09:29 pm,14:28:12
"Wed, Jun 24",5:41:35 am,8:09:37 pm,14:28:02
"Thu, Jun 25",5:41:54 am,8:09:43 pm,14:27:49
"Fri, Jun 26",5:42:14 am,8:09:48 pm,14:27:34
"Sat, Jun 27",5:42:35 am,8:09:51 pm,14:27:16
"Sun, Jun 28",5:42:58 am,8:09:53 pm,14:26:55
"Mon, Jun 29",5:43:22 am,8:09:53 pm,14:26:31
"Tue, Jun 30",5:43:47 am,8:09:52 pm,14:26:05
"Wed, Jul 1",5:44:13 am,8:09:49 pm,14:25:36
"Thu, Jul 2",5:44:40 am,8:09:44 pm,14:25:04
"Fri, Jul 3",5:45:08 am,8:09:37 pm,14:24:29
"Sat, Jul 4",5:45:37 am,8:09:29 pm,14:23:52
"Sun, Jul 5",5:46:07 am,8:09:20 pm,14:23:13
"Mon, Jul 6",5:46:38 am,8:09:08 pm,14:22:30
"Tue, Jul 7",5:47:10 am,8:08:56 pm,14:21:46
"Wed, Jul 8",5:47:43 am,8:08:41 pm,14:20:58
"Thu, Jul 9",5:48:16 am,8:08:25 pm,14:20:09
"Fri, Jul 10",5:48:51 am,8:08:07 pm,14:19:16
"Sat, Jul 11",5:49:26 am,8:07:47 pm,14:18:21
"Sun, Jul 12",5:50:02 am,8:07:26 pm,14:17:24
"Mon, Jul 13",5:50:38 am,8:07:03 pm,14:16:25
"Tue, Jul 14",5:51:15 am,8:06:39 pm,14:15:24
"Wed, Jul 15",5:51:53 am,8:06:13 pm,14:14:20
"Thu, Jul 16",5:52:31 am,8:05:45 pm,14:13:14
"Fri, Jul 17",5:53:10 am,8:05:16 pm,14:12:06
"Sat, Jul 18",5:53:50 am,8:04:45 pm,14:10:55
"Sun, Jul 19",5:54:30 am,8:04:12 pm,14:09:42
"Mon, Jul 20",5:55:10 am,8:03:38 pm,14:08:28
"Tue, Jul 21",5:55:51 am,8:03:03 pm,14:07:12
"Wed, Jul 22",5:56:32 am,8:02:26 pm,14:05:54
"Thu, Jul 23",5:57:13 am,8:01:47 pm,14:04:34
"Fri, Jul 24",5:57:55 am,8:01:07 pm,14:03:12
"Sat, Jul 25",5:58:37 am,8:00:25 pm,14:01:48
"Sun, Jul 26",5:59:19 am,7:59:42 pm,14:00:23
"Mon, Jul 27",6:00:02 am,7:58:58 pm,13:58:56
"Tue, Jul 28",6:00:45 am,7:58:12 pm,13:57:27
"Wed, Jul 29",6:01:28 am,7:57:24 pm,13:55:56
"Thu, Jul 30",6:02:11 am,7:56:36 pm,13:54:25
"Fri, Jul 31",6:02:54 am,7:55:45 pm,13:52:51
"Sat, Aug 1",6:03:38 am,7:54:54 pm,13:51:16
"Sun, Aug 2",6:04:21 am,7:54:01 pm,13:49:40
"Mon, Aug 3",6:05:05 am,7:53:07 pm,13:48:02
"Tue, Aug 4",6:05:49 am,7:52:12 pm,13:46:23
"Wed, Aug 5",6:06:32 am,7:51:15 pm,13:44:43
"Thu, Aug 6",6:07:16 am,7:50:17 pm,13:43:01
"Fri, Aug 7",6:08:00 am,7:49:18 pm,13:41:18
"Sat, Aug 8",6:08:44 am,7:48:18 pm,13:39:34
"Sun, Aug 9",6:09:27 am,7:47:17 pm,13:37:50
"Mon, Aug 10",6:10:11 am,7:46:15 pm,13:36:04
"Tue, Aug 11",6:10:55 am,7:45:11 pm,13:34:16
"Wed, Aug 12",6:11:39 am,7:44:07 pm,13:32:28
"Thu, Aug 13",6:12:22 am,7:43:01 pm,13:30:39
"Fri, Aug 14",6:13:06 am,7:41:54 pm,13:28:48
"Sat, Aug 15",6:13:49 am,7:40:47 pm,13:26:58
"Sun, Aug 16",6:14:32 am,7:39:38 pm,13:25:06
"Mon, Aug 17",6:15:16 am,7:38:29 pm,13:23:13
"Tue, Aug 18",6:15:59 am,7:37:18 pm,13:21:19
"Wed, Aug 19",6:16:42 am,7:36:07 pm,13:19:25
"Thu, Aug 20",6:17:25 am,7:34:55 pm,13:17:30
"Fri, Aug 21",6:18:08 am,7:33:42 pm,13:15:34
"Sat, Aug 22",6:18:50 am,7:32:28 pm,13:13:38
"Sun, Aug 23",6:19:33 am,7:31:14 pm,13:11:41
"Mon, Aug 24",6:20:15 am,7:29:59 pm,13:09:44
"Tue, Aug 25",6:20:58 am,7:28:43 pm,13:07:45
"Wed, Aug 26",6:21:40 am,7:27:26 pm,13:05:46
"Thu, Aug 27",6:22:22 am,7:26:09 pm,13:03:47
"Fri, Aug 28",6:23:04 am,7:24:51 pm,13:01:47
"Sat, Aug 29",6:23:46 am,7:23:33 pm,12:59:47
"Sun, Aug 30",6:24:28 am,7:22:14 pm,12:57:46
"Mon, Aug 31",6:25:10 am,7:20:54 pm,12:55:44
"Tue, Sep 1",6:25:52 am,7:19:34 pm,12:53:42
"Wed, Sep 2",6:26:33 am,7:18:13 pm,12:51:40
"Thu, Sep 3",6:27:15 am,7:16:52 pm,12:49:37
"Fri, Sep 4",6:27:56 am,7:15:31 pm,12:47:35
"Sat, Sep 5",6:28:38 am,7:14:09 pm,12:45:31
"Sun, Sep 6",6:29:19 am,7:12:47 pm,12:43:28
"Mon, Sep 7",6:30:01 am,7:11:24 pm,12:41:23
"Tue, Sep 8",6:30:42 am,7:10:01 pm,12:39:19
"Wed, Sep 9",6:31:23 am,7:08:38 pm,12:37:15
"Thu, Sep 10",6:32:05 am,7:07:15 pm,12:35:10
"Fri, Sep 11",6:32:46 am,7:05:51 pm,12:33:05
"Sat, Sep 12",6:33:27 am,7:04:28 pm,12:31:01
"Sun, Sep 13",6:34:08 am,7:03:04 pm,12:28:56
"Mon, Sep 14",6:34:50 am,7:01:39 pm,12:26:49
"Tue, Sep 15",6:35:31 am,7:00:15 pm,12:24:44
"Wed, Sep 16",6:36:13 am,6:58:51 pm,12:22:38
"Thu, Sep 17",6:36:54 am,6:57:27 pm,12:20:33
"Fri, Sep 18",6:37:36 am,6:56:02 pm,12:18:26
"Sat, Sep 19",6:38:17 am,6:54:38 pm,12:16:21
"Sun, Sep 20",6:38:59 am,6:53:13 pm,12:14:14
"Mon, Sep 21",6:39:41 am,6:51:49 pm,12:12:08
"Tue, Sep 22",6:40:23 am,6:50:25 pm,12:10:02
"Wed, Sep 23",6:41:05 am,6:49:01 pm,12:07:56
"Thu, Sep 24",6:41:47 am,6:47:37 pm,12:05:50
"Fri, Sep 25",6:42:30 am,6:46:13 pm,12:03:43
"Sat, Sep 26",6:43:12 am,6:44:49 pm,12:01:37
"Sun, Sep 27",6:43:55 am,6:43:26 pm,11:59:31
"Mon, Sep 28",6:44:38 am,6:42:03 pm,11:57:25
"Tue, Sep 29",6:45:22 am,6:40:40 pm,11:55:18
"Wed, Sep 30",6:46:05 am,6:39:17 pm,11:53:12
"Thu, Oct 1",6:46:49 am,6:37:55 pm,11:51:06
"Fri, Oct 2",6:47:33 am,6:36:34 pm,11:49:01
"Sat, Oct 3",6:48:17 am,6:35:12 pm,11:46:55
"Sun, Oct 4",6:49:01 am,6:33:51 pm,11:44:50
"Mon, Oct 5",6:49:46 am,6:32:31 pm,11:42:45
"Tue, Oct 6",6:50:31 am,6:31:11 pm,11:40:40
"Wed, Oct 7",6:51:16 am,6:29:51 pm,11:38:35
"Thu, Oct 8",6:52:02 am,6:28:32 pm,11:36:30
"Fri, Oct 9",6:52:48 am,6:27:14 pm,11:34:26
"Sat, Oct 10",6:53:34 am,6:25:56 pm,11:32:22
"Sun, Oct 11",6:54:20 am,6:24:39 pm,11:30:19
"Mon, Oct 12",6:55:07 am,6:23:23 pm,11:28:16
"Tue, Oct 13",6:55:55 am,6:22:07 pm,11:26:12
"Wed, Oct 14",6:56:42 am,6:20:52 pm,11:24:10
"Thu, Oct 15",6:57:30 am,6:19:38 pm,11:22:08
"Fri, Oct 16",6:58:18 am,6:18:25 pm,11:20:07
"Sat, Oct 17",6:59:07 am,6:17:12 pm,11:18:05
"Sun, Oct 18",6:59:56 am,6:16:00 pm,11:16:04
"Mon, Oct 19",7:00:46 am,6:14:49 pm,11:14:03
"Tue, Oct 20",7:01:35 am,6:13:40 pm,11:12:05
"Wed, Oct 21",7:02:25 am,6:12:31 pm,11:10:06
"Thu, Oct 22",7:03:16 am,6:11:23 pm,11:08:07
"Fri, Oct 23",7:04:07 am,6:10:16 pm,11:06:09
"Sat, Oct 24",7:04:58 am,6:09:10 pm,11:04:12
"Sun, Oct 25",7:05:50 am,6:08:05 pm,11:02:15
"Mon, Oct 26",7:06:42 am,6:07:01 pm,11:00:19
"Tue, Oct 27",7:07:34 am,6:05:59 pm,10:58:25
"Wed, Oct 28",7:08:27 am,6:04:57 pm,10:56:30
"Thu, Oct 29",7:09:20 am,6:03:57 pm,10:54:37
"Fri, Oct 30",7:10:13 am,6:02:58 pm,10:52:45
"Sat, Oct 31",7:11:07 am,6:02:00 pm,10:50:53
"Sun, Nov 1",6:12:01 am,5:01:04 pm,10:49:03
"Mon, Nov 2",6:12:55 am,5:00:08 pm,10:47:13
"Tue, Nov 3",6:13:49 am,4:59:15 pm,10:45:26
"Wed, Nov 4",6:14:44 am,4:58:22 pm,10:43:38
"Thu, Nov 5",6:15:39 am,4:57:31 pm,10:41:52
"Fri, Nov 6",6:16:35 am,4:56:42 pm,10:40:07
"Sat, Nov 7",6:17:30 am,4:55:53 pm,10:38:23
"Sun, Nov 8",6:18:26 am,4:55:07 pm,10:36:41
"Mon, Nov 9",6:19:22 am,4:54:22 pm,10:35:00
"Tue, Nov 10",6:20:18 am,4:53:38 pm,10:33:20
"Wed, Nov 11",6:21:14 am,4:52:56 pm,10:31:42
"Thu, Nov 12",6:22:10 am,4:52:16 pm,10:30:06
"Fri, Nov 13",6:23:07 am,4:51:37 pm,10:28:30
"Sat, Nov 14",6:24:03 am,4:51:00 pm,10:26:57
"Sun, Nov 15",6:25:00 am,4:50:24 pm,10:25:24
"Mon, Nov 16",6:25:56 am,4:49:50 pm,10:23:54
"Tue, Nov 17",6:26:52 am,4:49:18 pm,10:22:26
"Wed, Nov 18",6:27:49 am,4:48:48 pm,10:20:59
"Thu, Nov 19",6:28:45 am,4:48:19 pm,10:19:34
"Fri, Nov 20",6:29:41 am,4:47:53 pm,10:18:12
"Sat, Nov 21",6:30:37 am,4:47:28 pm,10:16:51
"Sun, Nov 22",6:31:32 am,4:47:04 pm,10:15:32
"Mon, Nov 23",6:32:28 am,4:46:43 pm,10:14:15
"Tue, Nov 24",6:33:23 am,4:46:23 pm,10:13:00
"Wed, Nov 25",6:34:17 am,4:46:06 pm,10:11:49
"Thu, Nov 26",6:35:12 am,4:45:50 pm,10:10:38
"Fri, Nov 27",6:36:06 am,4:45:36 pm,10:09:30
"Sat, Nov 28",6:36:59 am,4:45:24 pm,10:08:25
"Sun, Nov 29",6:37:52 am,4:45:14 pm,10:07:22
"Mon, Nov 30",6:38:44 am,4:45:05 pm,10:06:21
"Tue, Dec 1",6:39:36 am,4:44:59 pm,10:05:23
"Wed, Dec 2",6:40:27 am,4:44:55 pm,10:04:28
"Thu, Dec 3",6:41:17 am,4:44:52 pm,10:03:35
"Fri, Dec 4",6:42:07 am,4:44:51 pm,10:02:44
"Sat, Dec 5",6:42:56 am,4:44:53 pm,10:01:57
"Sun, Dec 6",6:43:44 am,4:44:56 pm,10:01:12
"Mon, Dec 7",6:44:31 am,4:45:01 pm,10:00:30
"Tue, Dec 8",6:45:17 am,4:45:08 pm,09:59:51
"Wed, Dec 9",6:46:02 am,4:45:16 pm,09:59:14
"Thu, Dec 10",6:46:46 am,4:45:27 pm,09:58:41
"Fri, Dec 11",6:47:30 am,4:45:39 pm,09:58:09
"Sat, Dec 12",6:48:11 am,4:45:54 pm,09:57:43
"Sun, Dec 13",6:48:52 am,4:46:10 pm,09:57:18
"Mon, Dec 14",6:49:32 am,4:46:28 pm,09:56:56
"Tue, Dec 15",6:50:10 am,4:46:47 pm,09:56:37
"Wed, Dec 16",6:50:47 am,4:47:09 pm,09:56:22
"Thu, Dec 17",6:51:23 am,4:47:32 pm,09:56:09
"Fri, Dec 18",6:51:57 am,4:47:57 pm,09:56:00
"Sat, Dec 19",6:52:30 am,4:48:23 pm,09:55:53
"Sun, Dec 20",6:53:01 am,4:48:51 pm,09:55:50
"Mon, Dec 21",6:53:31 am,4:49:21 pm,09:55:50
"Tue, Dec 22",6:54:00 am,4:49:52 pm,09:55:52
"Wed, Dec 23",6:54:27 am,4:50:25 pm,09:55:58
"Thu, Dec 24",6:54:52 am,4:50:59 pm,09:56:07
"Fri, Dec 25",6:55:16 am,4:51:35 pm,09:56:19
"Sat, Dec 26",6:55:38 am,4:52:12 pm,09:56:34
"Sun, Dec 27",6:55:58 am,4:52:51 pm,09:56:53
"Mon, Dec 28",6:56:17 am,4:53:31 pm,09:57:14
"Tue, Dec 29",6:56:33 am,4:54:12 pm,09:57:39
"Wed, Dec 30",6:56:49 am,4:54:54 pm,09:58:05
"Thu, Dec 31",6:57:02 am,4:55:38 pm,09:58:36
"Fri, Jan 1",6:57:14 am,4:56:23 pm,09:59:09
"Sat, Jan 2",6:57:23 am,4:57:09 pm,09:59:46
"Sun, Jan 3",6:57:31 am,4:57:56 pm,10:00:25
"Mon, Jan 4",6:57:37 am,4:58:44 pm,10:01:07
"Tue, Jan 5",6:57:42 am,4:59:33 pm,10:01:51
"Wed, Jan 6",6:57:44 am,5:00:23 pm,10:02:39
"Thu, Jan 7",6:57:45 am,5:01:13 pm,10:03:28
"Fri, Jan 8",6:57:44 am,5:02:05 pm,10:04:21
"Sat, Jan 9",6:57:40 am,5:02:58 pm,10:05:18
"Sun, Jan 10",6:57:35 am,5:03:51 pm,10:06:16
"Mon, Jan 11",6:57:29 am,5:04:45 pm,10:07:16
"Tue, Jan 12",6:57:20 am,5:05:39 pm,10:08:19
"Wed, Jan 13",6:57:09 am,5:06:34 pm,10:09:25
"Thu, Jan 14",6:56:57 am,5:07:30 pm,10:10:33
"Fri, Jan 15",6:56:43 am,5:08:26 pm,10:11:43
"Sat, Jan 16",6:56:27 am,5:09:23 pm,10:12:56
"Sun, Jan 17",6:56:09 am,5:10:20 pm,10:14:11
"Mon, Jan 18",6:55:49 am,5:11:17 pm,10:15:28
"Tue, Jan 19",6:55:27 am,5:12:15 pm,10:16:48
"Wed, Jan 20",6:55:04 am,5:13:13 pm,10:18:09
"Thu, Jan 21",6:54:39 am,5:14:12 pm,10:19:33
"Fri, Jan 22",6:54:12 am,5:15:10 pm,10:20:58
"Sat, Jan 23",6:53:44 am,5:16:09 pm,10:22:25
"Sun, Jan 24",6:53:13 am,5:17:08 pm,10:23:55
"Mon, Jan 25",6:52:41 am,5:18:07 pm,10:25:26
"Tue, Jan 26",6:52:08 am,5:19:06 pm,10:26:58
"Wed, Jan 27",6:51:32 am,5:20:05 pm,10:28:33
"Thu, Jan 28",6:50:55 am,5:21:04 pm,10:30:09
"Fri, Jan 29",6:50:17 am,5:22:03 pm,10:31:46
"Sat, Jan 30",6:49:37 am,5:23:03 pm,10:33:26
"Sun, Jan 31",6:48:55 am,5:24:02 pm,10:35:07
"Mon, Feb 1",6:48:12 am,5:25:00 pm,10:36:48
"Tue, Feb 2",6:47:27 am,5:25:59 pm,10:38:32
"Wed, Feb 3",6:46:41 am,5:26:58 pm,10:40:17
"Thu, Feb 4",6:45:53 am,5:27:56 pm,10:42:03
"Fri, Feb 5",6:45:04 am,5:28:55 pm,10:43:51
"Sat, Feb 6",6:44:13 am,5:29:53 pm,10:45:40
"Sun, Feb 7",6:43:21 am,5:30:51 pm,10:47:30
"Mon, Feb 8",6:42:28 am,5:31:48 pm,10:49:20
"Tue, Feb 9",6:41:34 am,5:32:46 pm,10:51:12
"Wed, Feb 10",6:40:38 am,5:33:43 pm,10:53:05
"Thu, Feb 11",6:39:41 am,5:34:40 pm,10:54:59
"Fri, Feb 12",6:38:42 am,5:35:36 pm,10:56:54
"Sat, Feb 13",6:37:43 am,5:36:32 pm,10:58:49
"Sun, Feb 14",6:36:42 am,5:37:28 pm,11:00:46
"Mon, Feb 15",6:35:40 am,5:38:24 pm,11:02:44
"Tue, Feb 16",6:34:37 am,5:39:19 pm,11:04:42
"Wed, Feb 17",6:33:34 am,5:40:14 pm,11:06:40
"Thu, Feb 18",6:32:29 am,5:41:09 pm,11:08:40
"Fri, Feb 19",6:31:23 am,5:42:03 pm,11:10:40
"Sat, Feb 20",6:30:16 am,5:42:57 pm,11:12:41
"Sun, Feb 21",6:29:08 am,5:43:50 pm,11:14:42
"Mon, Feb 22",6:27:59 am,5:44:44 pm,11:16:45
"Tue, Feb 23",6:26:49 am,5:45:37 pm,11:18:48
"Wed, Feb 24",6:25:39 am,5:46:29 pm,11:20:50
"Thu, Feb 25",6:24:27 am,5:47:21 pm,11:22:54
"Fri, Feb 26",6:23:15 am,5:48:13 pm,11:24:58
"Sat, Feb 27",6:22:02 am,5:49:05 pm,11:27:03
"Sun, Feb 28",6:20:48 am,5:49:56 pm,11:29:08
"Mon, Mar 1",6:19:34 am,5:50:47 pm,11:31:13
"Tue, Mar 2",6:18:19 am,5:51:37 pm,11:33:18
"Wed, Mar 3",6:17:03 am,5:52:28 pm,11:35:25
"Thu, Mar 4",6:15:47 am,5:53:18 pm,11:37:31
"Fri, Mar 5",6:14:30 am,5:54:07 pm,11:39:37
"Sat, Mar 6",6:13:13 am,5:54:57 pm,11:41:44
"Sun, Mar 7",6:11:55 am,5:55:46 pm,11:43:51
"Mon, Mar 8",6:10:36 am,5:56:34 pm,11:45:58
"Tue, Mar 9",6:09:18 am,5:57:23 pm,11:48:05
"Wed, Mar 10",6:07:58 am,5:58:11 pm,11:50:13
"Thu, Mar 11",6:06:39 am,5:58:59 pm,11:52:20
"Fri, Mar 12",6:05:19 am,5:59:47 pm,11:54:28
"Sat, Mar 13",6:03:58 am,6:00:35 pm,11:56:37
"Sun, Mar 14",7:02:38 am,7:01:22 pm,11:58:44
"Mon, Mar 15",7:01:17 am,7:02:09 pm,12:00:52
"Tue, Mar 16",6:59:56 am,7:02:56 pm,12:03:00
"Wed, Mar 17",6:58:34 am,7:03:43 pm,12:05:09
"Thu, Mar 18",6:57:13 am,7:04:30 pm,12:07:17
"Fri, Mar 19",6:55:51 am,7:05:16 pm,12:09:25
"Sat, Mar 20",6:54:29 am,7:06:03 pm,12:11:34
"Sun, Mar 21",6:53:07 am,7:06:49 pm,12:13:42
"Mon, Mar 22",6:51:45 am,7:07:35 pm,12:15:50
"Tue, Mar 23",6:50:23 am,7:08:21 pm,12:17:58
"Wed, Mar 24",6:49:01 am,7:09:07 pm,12:20:06
"Thu, Mar 25",6:47:39 am,7:09:53 pm,12:22:14
"Fri, Mar 26",6:46:17 am,7:10:38 pm,12:24:21
"Sat, Mar 27",6:44:55 am,7:11:24 pm,12:26:29
"Sun, Mar 28",6:43:33 am,7:12:10 pm,12:28:37
"Mon, Mar 29",6:42:12 am,7:12:55 pm,12:30:43
"Tue, Mar 30",6:40:50 am,7:13:41 pm,12:32:51
"Wed, Mar 31",6:39:29 am,7:14:26 pm,12:34:57
"Thu, Apr 1",6:38:08 am,7:15:12 pm,12:37:04
"Fri, Apr 2",6:36:47 am,7:15:57 pm,12:39:10
"Sat, Apr 3",6:35:27 am,7:16:43 pm,12:41:16
"Sun, Apr 4",6:34:06 am,7:17:28 pm,12:43:22
"Mon, Apr 5",6:32:46 am,7:18:14 pm,12:45:28
"Tue, Apr 6",6:31:27 am,7:19:00 pm,12:47:33
"Wed, Apr 7",6:30:08 am,7:19:45 pm,12:49:37
"Thu, Apr 8",6:28:49 am,7:20:31 pm,12:51:42
"Fri, Apr 9",6:27:31 am,7:21:17 pm,12:53:46
"Sat, Apr 10",6:26:13 am,7:22:02 pm,12:55:49
"Sun, Apr 11",6:24:56 am,7:22:48 pm,12:57:52
"Mon, Apr 12",6:23:39 am,7:23:34 pm,12:59:55
"Tue, Apr 13",6:22:23 am,7:24:20 pm,13:01:57
"Wed, Apr 14",6:21:07 am,7:25:06 pm,13:03:59
"Thu, Apr 15",6:19:52 am,7:25:52 pm,13:06:00
"Fri, Apr 16",6:18:38 am,7:26:38 pm,13:08:00
"Sat, Apr 17",6:17:24 am,7:27:25 pm,13:10:01
"Sun, Apr 18",6:16:12 am,7:28:11 pm,13:11:59
"Mon, Apr 19",6:14:59 am,7:28:57 pm,13:13:58
"Tue, Apr 20",6:13:48 am,7:29:44 pm,13:15:56
"Wed, Apr 21",6:12:37 am,7:30:30 pm,13:17:53
"Thu, Apr 22",6:11:28 am,7:31:17 pm,13:19:49
"Fri, Apr 23",6:10:19 am,7:32:04 pm,13:21:45
"Sat, Apr 24",6:09:11 am,7:32:51 pm,13:23:40
"Sun, Apr 25",6:08:04 am,7:33:37 pm,13:25:33
"Mon, Apr 26",6:06:57 am,7:34:24 pm,13:27:27
"Tue, Apr 27",6:05:52 am,7:35:11 pm,13:29:19
"Wed, Apr 28",6:04:48 am,7:35:58 pm,13:31:10
"Thu, Apr 29",6:03:45 am,7:36:45 pm,13:33:00
"Fri, Apr 30",6:02:42 am,7:37:32 pm,13:34:50
"Sat, May 1",6:01:41 am,7:38:19 pm,13:36:38
"Sun, May 2",6:00:41 am,7:39:06 pm,13:38:25
"Mon, May 3",5:59:42 am,7:39:53 pm,13:40:11
"Tue, May 4",5:58:45 am,7:40:40 pm,13:41:55
"Wed, May 5",5:57:48 am,7:41:27 pm,13:43:39
"Thu, May 6",5:56:53 am,7:42:14 pm,13:45:21
"Fri, May 7",5:55:58 am,7:43:00 pm,13:47:02
"Sat, May 8",5:55:06 am,7:43:47 pm,13:48:41
"Sun, May 9",5:54:14 am,7:44:33 pm,13:50:19
"Mon, May 10",5:53:24 am,7:45:20 pm,13:51:56
"Tue, May 11",5:52:34 am,7:46:06 pm,13:53:32
"Wed, May 12",5:51:47 am,7:46:52 pm,13:55:05
"Thu, May 13",5:51:00 am,7:47:38 pm,13:56:38
"Fri, May 14",5:50:15 am,7:48:23 pm,13:58:08
"Sat, May 15",5:49:32 am,7:49:08 pm,13:59:36
"Sun, May 16",5:48:50 am,7:49:53 pm,14:01:03
"Mon, May 17",5:48:09 am,7:50:38 pm,14:02:29
"Tue, May 18",5:47:30 am,7:51:22 pm,14:03:52
"Wed, May 19",5:46:52 am,7:52:06 pm,14:05:14
"Thu, May 20",5:46:16 am,7:52:50 pm,14:06:34
"Fri, May 21",5:45:41 am,7:53:33 pm,14:07:52
"Sat, May 22",5:45:08 am,7:54:15 pm,14:09:07
"Sun, May 23",5:44:36 am,7:54:57 pm,14:10:21
"Mon, May 24",5:44:06 am,7:55:39 pm,14:11:33
"Tue, May 25",5:43:37 am,7:56:20 pm,14:12:43
"Wed, May 26",5:43:10 am,7:57:00 pm,14:13:50
"Thu, May 27",5:42:44 am,7:57:40 pm,14:14:56
"Fri, May 28",5:42:21 am,7:58:19 pm,14:15:58
"Sat, May 29",5:41:58 am,7:58:57 pm,14:16:59
"Sun, May 30",5:41:38 am,7:59:35 pm,14:17:57
"Mon, May 31",5:41:18 am,8:00:12 pm,14:18:54
"Tue, Jun 1",5:41:01 am,8:00:48 pm,14:19:47
"Wed, Jun 2",5:40:45 am,8:01:23 pm,14:20:38
"Thu, Jun 3",5:40:31 am,8:01:57 pm,14:21:26
"Fri, Jun 4",5:40:18 am,8:02:31 pm,14:22:13
"Sat, Jun 5",5:40:07 am,8:03:03 pm,14:22:56
"Sun, Jun 6",5:39:58 am,8:03:35 pm,14:23:37
"Mon, Jun 7",5:39:50 am,8:04:05 pm,14:24:15
"Tue, Jun 8",5:39:44 am,8:04:35 pm,14:24:51
"Wed, Jun 9",5:39:39 am,8:05:03 pm,14:25:24
"Thu, Jun 10",5:39:36 am,8:05:30 pm,14:25:54
"Fri, Jun 11",5:39:34 am,8:05:56 pm,14:26:22
"Sat, Jun 12",5:39:34 am,8:06:21 pm,14:26:47
"Sun, Jun 13",5:39:36 am,8:06:44 pm,14:27:08
"Mon, Jun 14",5:39:39 am,8:07:07 pm,14:27:28
"Tue, Jun 15",5:39:44 am,8:07:28 pm,14:27:44
"Wed, Jun 16",5:39:50 am,8:07:48 pm,14:27:58
"Thu, Jun 17",5:39:58 am,8:08:06 pm,14:28:08
"Fri, Jun 18",5:40:07 am,8:08:23 pm,14:28:16
"Sat, Jun 19",5:40:17 am,8:08:39 pm,14:28:22
"Sun, Jun 20",5:40:29 am,8:08:53 pm,14:28:24
"Mon, Jun 21",5:40:42 am,8:09:06 pm,14:28:24
"Tue, Jun 22",5:40:57 am,8:09:17 pm,14:28:20
"Wed, Jun 23",5:41:13 am,8:09:27 pm,14:28:14
"Thu, Jun 24",5:41:31 am,8:09:35 pm,14:28:04
"Fri, Jun 25",5:41:49 am,8:09:42 pm,14:27:53
"Sat, Jun 26",5:42:09 am,8:09:47 pm,14:27:38
"Sun, Jun 27",5:42:30 am,8:09:51 pm,14:27:21
"Mon, Jun 28",5:42:53 am,8:09:53 pm,14:27:00
"Tue, Jun 29",5:43:16 am,8:09:53 pm,14:26:37
"Wed, Jun 30",5:43:41 am,8:09:52 pm,14:26:11
"Thu, Jul 1",5:44:07 am,8:09:50 pm,14:25:43
"Fri, Jul 2",5:44:33 am,8:09:45 pm,14:25:12
"Sat, Jul 3",5:45:01 am,8:09:39 pm,14:24:38
"Sun, Jul 4",5:45:30 am,8:09:32 pm,14:24:02
"Mon, Jul 5",5:46:00 am,8:09:22 pm,14:23:22
"Tue, Jul 6",5:46:31 am,8:09:11 pm,14:22:40
"Wed, Jul 7",5:47:02 am,8:08:59 pm,14:21:57
"Thu, Jul 8",5:47:35 am,8:08:45 pm,14:21:10
"Fri, Jul 9",5:48:08 am,8:08:29 pm,14:20:21
"Sat, Jul 10",5:48:43 am,8:08:11 pm,14:19:28
"Sun, Jul 11",5:49:17 am,8:07:52 pm,14:18:35
"Mon, Jul 12",5:49:53 am,8:07:31 pm,14:17:38
"Tue, Jul 13",5:50:29 am,8:07:09 pm,14:16:40
"Wed, Jul 14",5:51:06 am,8:06:45 pm,14:15:39
"Thu, Jul 15",5:51:44 am,8:06:19 pm,14:14:35
"Fri, Jul 16",5:52:22 am,8:05:52 pm,14:13:30
"Sat, Jul 17",5:53:01 am,8:05:23 pm,14:12:22
"Sun, Jul 18",5:53:40 am,8:04:53 pm,14:11:13
"Mon, Jul 19",5:54:20 am,8:04:20 pm,14:10:00
"Tue, Jul 20",5:55:00 am,8:03:47 pm,14:08:47
"Wed, Jul 21",5:55:41 am,8:03:12 pm,14:07:31
"Thu, Jul 22",5:56:22 am,8:02:35 pm,14:06:13
"Fri, Jul 23",5:57:03 am,8:01:57 pm,14:04:54
"Sat, Jul 24",5:57:45 am,8:01:17 pm,14:03:32
"Sun, Jul 25",5:58:27 am,8:00:36 pm,14:02:09
"Mon, Jul 26",5:59:09 am,7:59:53 pm,14:00:44
"Tue, Jul 27",5:59:52 am,7:59:09 pm,13:59:17
"Wed, Jul 28",6:00:35 am,7:58:23 pm,13:57:48
"Thu, Jul 29",6:01:18 am,7:57:36 pm,13:56:18
"Fri, Jul 30",6:02:01 am,7:56:48 pm,13:54:47
"Sat, Jul 31",6:02:44 am,7:55:58 pm,13:53:14
"Sun, Aug 1",6:03:27 am,7:55:07 pm,13:51:40
"Mon, Aug 2",6:04:11 am,7:54:14 pm,13:50:03
"Tue, Aug 3",6:04:55 am,7:53:20 pm,13:48:25
"Wed, Aug 4",6:05:38 am,7:52:25 pm,13:46:47
"Thu, Aug 5",6:06:22 am,7:51:29 pm,13:45:07
"Fri, Aug 6",6:07:06 am,7:50:32 pm,13:43:26
"Sat, Aug 7",6:07:49 am,7:49:33 pm,13:41:44
"Sun, Aug 8",6:08:33 am,7:48:33 pm,13:40:00
"Mon, Aug 9",6:09:17 am,7:47:32 pm,13:38:15
"Tue, Aug 10",6:10:01 am,7:46:30 pm,13:36:29
"Wed, Aug 11",6:10:44 am,7:45:27 pm,13:34:43
"Thu, Aug 12",6:11:28 am,7:44:22 pm,13:32:54
"Fri, Aug 13",6:12:12 am,7:43:17 pm,13:31:05
"Sat, Aug 14",6:12:55 am,7:42:11 pm,13:29:16
"Sun, Aug 15",6:13:39 am,7:41:03 pm,13:27:24
"Mon, Aug 16",6:14:22 am,7:39:55 pm,13:25:33
"Tue, Aug 17",6:15:05 am,7:38:46 pm,13:23:41
"Wed, Aug 18",6:15:48 am,7:37:35 pm,13:21:47
"Thu, Aug 19",6:16:32 am,7:36:24 pm,13:19:52
"Fri, Aug 20",6:17:14 am,7:35:13 pm,13:17:59
"Sat, Aug 21",6:17:57 am,7:34:00 pm,13:16:03
"Sun, Aug 22",6:18:40 am,7:32:46 pm,13:14:06
"Mon, Aug 23",6:19:23 am,7:31:32 pm,13:12:09
"Tue, Aug 24",6:20:05 am,7:30:17 pm,13:10:12
"Wed, Aug 25",6:20:48 am,7:29:01 pm,13:08:13
"Thu, Aug 26",6:21:30 am,7:27:45 pm,13:06:15
"Fri, Aug 27",6:22:12 am,7:26:28 pm,13:04:16
"Sat, Aug 28",6:22:54 am,7:25:10 pm,13:02:16
"Sun, Aug 29",6:23:36 am,7:23:52 pm,13:00:16
"Mon, Aug 30",6:24:18 am,7:22:33 pm,12:58:15
"Tue, Aug 31",6:25:00 am,7:21:13 pm,12:56:13
"Wed, Sep 1",6:25:42 am,7:19:53 pm,12:54:11
"Thu, Sep 2",6:26:23 am,7:18:33 pm,12:52:10
"Fri, Sep 3",6:27:05 am,7:17:12 pm,12:50:07
"Sat, Sep 4",6:27:47 am,7:15:51 pm,12:48:04
"Sun, Sep 5",6:28:28 am,7:14:29 pm,12:46:01
"Mon, Sep 6",6:29:09 am,7:13:07 pm,12:43:58
"Tue, Sep 7",6:29:51 am,7:11:44 pm,12:41:53
"Wed, Sep 8",6:30:32 am,7:10:22 pm,12:39:50
"Thu, Sep 9",6:31:13 am,7:08:59 pm,12:37:46
"Fri, Sep 10",6:31:55 am,7:07:35 pm,12:35:40
"Sat, Sep 11",6:32:36 am,7:06:12 pm,12:33:36
"Sun, Sep 12",6:33:17 am,7:04:48 pm,12:31:31
"Mon, Sep 13",6:33:59 am,7:03:24 pm,12:29:25
"Tue, Sep 14",6:34:40 am,7:02:00 pm,12:27:20
"Wed, Sep 15",6:35:21 am,7:00:36 pm,12:25:15
"Thu, Sep 16",6:36:03 am,6:59:11 pm,12:23:08
"Fri, Sep 17",6:36:44 am,6:57:47 pm,12:21:03
"Sat, Sep 18",6:37:26 am,6:56:23 pm,12:18:57
"Sun, Sep 19",6:38:07 am,6:54:58 pm,12:16:51
"Mon, Sep 20",6:38:49 am,6:53:34 pm,12:14:45
"Tue, Sep 21",6:39:31 am,6:52:09 pm,12:12:38
"Wed, Sep 22",6:40:13 am,6:50:45 pm,12:10:32
"Thu, Sep 23",6:40:55 am,6:49:21 pm,12:08:26
"Fri, Sep 24",6:41:37 am,6:47:57 pm,12:06:20
"Sat, Sep 25",6:42:20 am,6:46:33 pm,12:04:13
"Sun, Sep 26",6:43:02 am,6:45:10 pm,12:02:08
"Mon, Sep 27",6:43:45 am,6:43:46 pm,12:00:01
"Tue, Sep 28",6:44:28 am,6:42:23 pm,11:57:55
"Wed, Sep 29",6:45:11 am,6:41:00 pm,11:55:49
"Thu, Sep 30",6:45:54 am,6:39:37 pm,11:53:43
"Fri, Oct 1",6:46:38 am,6:38:15 pm,11:51:37
"Sat, Oct 2",6:47:22 am,6:36:53 pm,11:49:31
"Sun, Oct 3",6:48:06 am,6:35:32 pm,11:47:26
"Mon, Oct 4",6:48:50 am,6:34:11 pm,11:45:21
"Tue, Oct 5",6:49:35 am,6:32:50 pm,11:43:15
"Wed, Oct 6",6:50:20 am,6:31:30 pm,11:41:10
"Thu, Oct 7",6:51:05 am,6:30:10 pm,11:39:05
"Fri, Oct 8",6:51:51 am,6:28:51 pm,11:37:00
"Sat, Oct 9",6:52:37 am,6:27:33 pm,11:34:56
"Sun, Oct 10",6:53:23 am,6:26:15 pm,11:32:52
"Mon, Oct 11",6:54:09 am,6:24:58 pm,11:30:49
"Tue, Oct 12",6:54:56 am,6:23:41 pm,11:28:45
"Wed, Oct 13",6:55:43 am,6:22:25 pm,11:26:42
"Thu, Oct 14",6:56:31 am,6:21:10 pm,11:24:39
"Fri, Oct 15",6:57:18 am,6:19:56 pm,11:22:38
"Sat, Oct 16",6:58:07 am,6:18:42 pm,11:20:35
"Sun, Oct 17",6:58:55 am,6:17:29 pm,11:18:34
"Mon, Oct 18",6:59:44 am,6:16:18 pm,11:16:34
"Tue, Oct 19",7:00:34 am,6:15:07 pm,11:14:33
"Wed, Oct 20",7:01:23 am,6:13:56 pm,11:12:33
"Thu, Oct 21",7:02:13 am,6:12:47 pm,11:10:34
"Fri, Oct 22",7:03:04 am,6:11:39 pm,11:08:35
"Sat, Oct 23",7:03:54 am,6:10:32 pm,11:06:38
"Sun, Oct 24",7:04:46 am,6:09:26 pm,11:04:40
"Mon, Oct 25",7:05:37 am,6:08:20 pm,11:02:43
"Tue, Oct 26",7:06:29 am,6:07:16 pm,11:00:47
"Wed, Oct 27",7:07:21 am,6:06:14 pm,10:58:53
"Thu, Oct 28",7:08:14 am,6:05:12 pm,10:56:58
"Fri, Oct 29",7:09:07 am,6:04:11 pm,10:55:04
"Sat, Oct 30",7:10:00 am,6:03:12 pm,10:53:12
"Sun, Oct 31",7:10:54 am,6:02:14 pm,10:51:20
"Mon, Nov 1",7:11:47 am,6:01:17 pm,10:49:30
"Tue, Nov 2",7:12:42 am,6:00:22 pm,10:47:40
"Wed, Nov 3",7:13:36 am,5:59:27 pm,10:45:51
"Thu, Nov 4",7:14:31 am,5:58:35 pm,10:44:04
"Fri, Nov 5",7:15:26 am,5:57:43 pm,10:42:17
"Sat, Nov 6",7:16:21 am,5:56:53 pm,10:40:32
"Sun, Nov 7",6:17:17 am,4:56:05 pm,10:38:48
"Mon, Nov 8",6:18:12 am,4:55:18 pm,10:37:06
"Tue, Nov 9",6:19:08 am,4:54:32 pm,10:35:24
"Wed, Nov 10",6:20:04 am,4:53:48 pm,10:33:44
"Thu, Nov 11",6:21:00 am,4:53:06 pm,10:32:06
"Fri, Nov 12",6:21:57 am,4:52:25 pm,10:30:28
"Sat, Nov 13",6:22:53 am,4:51:46 pm,10:28:53
"Sun, Nov 14",6:23:49 am,4:51:08 pm,10:27:19
"Mon, Nov 15",6:24:46 am,4:50:33 pm,10:25:47
"Tue, Nov 16",6:25:42 am,4:49:58 pm,10:24:16
"Wed, Nov 17",6:26:39 am,4:49:26 pm,10:22:47
"Thu, Nov 18",6:27:35 am,4:48:55 pm,10:21:20
"Fri, Nov 19",6:28:31 am,4:48:26 pm,10:19:55
"Sat, Nov 20",6:29:27 am,4:47:59 pm,10:18:32
"Sun, Nov 21",6:30:23 am,4:47:33 pm,10:17:10
"Mon, Nov 22",6:31:19 am,4:47:10 pm,10:15:51
"Tue, Nov 23",6:32:14 am,4:46:48 pm,10:14:34
"Wed, Nov 24",6:33:09 am,4:46:28 pm,10:13:19
"Thu, Nov 25",6:34:04 am,4:46:10 pm,10:12:06
"Fri, Nov 26",6:34:59 am,4:45:54 pm,10:10:55
"Sat, Nov 27",6:35:53 am,4:45:39 pm,10:09:46
"Sun, Nov 28",6:36:46 am,4:45:27 pm,10:08:41
"Mon, Nov 29",6:37:39 am,4:45:16 pm,10:07:37
"Tue, Nov 30",6:38:32 am,4:45:07 pm,10:06:35
"Wed, Dec 1",6:39:23 am,4:45:00 pm,10:05:37
"Thu, Dec 2",6:40:15 am,4:44:55 pm,10:04:40
"Fri, Dec 3",6:41:05 am,4:44:52 pm,10:03:47
"Sat, Dec 4",6:41:55 am,4:44:51 pm,10:02:56
"Sun, Dec 5",6:42:44 am,4:44:52 pm,10:02:08
"Mon, Dec 6",6:43:32 am,4:44:55 pm,10:01:23
"Tue, Dec 7",6:44:20 am,4:44:59 pm,10:00:39
"Wed, Dec 8",6:45:06 am,4:45:06 pm,10:00:00
"Thu, Dec 9",6:45:51 am,4:45:14 pm,09:59:23
"Fri, Dec 10",6:46:36 am,4:45:24 pm,09:58:48
"Sat, Dec 11",6:47:19 am,4:45:36 pm,09:58:17
"Sun, Dec 12",6:48:01 am,4:45:50 pm,09:57:49
"Mon, Dec 13",6:48:42 am,4:46:06 pm,09:57:24
"Tue, Dec 14",6:49:22 am,4:46:23 pm,09:57:01
"Wed, Dec 15",6:50:01 am,4:46:42 pm,09:56:41
"Thu, Dec 16",6:50:38 am,4:47:03 pm,09:56:25
"Fri, Dec 17",6:51:14 am,4:47:26 pm,09:56:12
"Sat, Dec 18",6:51:49 am,4:47:50 pm,09:56:01
"Sun, Dec 19",6:52:22 am,4:48:16 pm,09:55:54
"Mon, Dec 20",6:52:54 am,4:48:44 pm,09:55:50
"Tue, Dec 21",6:53:24 am,4:49:13 pm,09:55:49
"Wed, Dec 22",6:53:53 am,4:49:44 pm,09:55:51
"Thu, Dec 23",6:54:20 am,4:50:17 pm,09:55:57
"Fri, Dec 24",6:54:46 am,4:50:51 pm,09:56:05
"Sat, Dec 25",6:55:10 am,4:51:26 pm,09:56:16
"Sun, Dec 26",6:55:32 am,4:52:03 pm,09:56:31
"Mon, Dec 27",6:55:53 am,4:52:41 pm,09:56:48
"Tue, Dec 28",6:56:12 am,4:53:21 pm,09:57:09
"Wed, Dec 29",6:56:29 am,4:54:02 pm,09:57:33
"Thu, Dec 30",6:56:45 am,4:54:44 pm,09:57:59
"Fri, Dec 31",6:56:59 am,4:55:27 pm,09:58:28
"Sat, Jan 1",6:57:11 am,4:56:12 pm,09:59:01
"Sun, Jan 2",6:57:21 am,4:56:57 pm,09:59:36
"Mon, Jan 3",6:57:29 am,4:57:44 pm,10:00:15
"Tue, Jan 4",6:57:36 am,4:58:32 pm,10:00:56
"Wed, Jan 5",6:57:41 am,4:59:21 pm,10:01:40
"Thu, Jan 6",6:57:44 am,5:00:10 pm,10:02:26
"Fri, Jan 7",6:57:45 am,5:01:01 pm,10:03:16
"Sat, Jan 8",6:57:44 am,5:01:52 pm,10:04:08
"Sun, Jan 9",6:57:41 am,5:02:45 pm,10:05:04
"Mon, Jan 10",6:57:37 am,5:03:38 pm,10:06:01
"Tue, Jan 11",6:57:30 am,5:04:31 pm,10:07:01
"Wed, Jan 12",6:57:22 am,5:05:26 pm,10:08:04
"Thu, Jan 13",6:57:12 am,5:06:21 pm,10:09:09
"Fri, Jan 14",6:57:00 am,5:07:16 pm,10:10:16
"Sat, Jan 15",6:56:46 am,5:08:12 pm,10:11:26
"Sun, Jan 16",6:56:30 am,5:09:09 pm,10:12:39
"Mon, Jan 17",6:56:13 am,5:10:06 pm,10:13:53
"Tue, Jan 18",6:55:54 am,5:11:03 pm,10:15:09
"Wed, Jan 19",6:55:33 am,5:12:01 pm,10:16:28
"Thu, Jan 20",6:55:10 am,5:12:59 pm,10:17:49
"Fri, Jan 21",6:54:45 am,5:13:57 pm,10:19:12
"Sat, Jan 22",6:54:19 am,5:14:56 pm,10:20:37
"Sun, Jan 23",6:53:51 am,5:15:55 pm,10:22:04
"Mon, Jan 24",6:53:21 am,5:16:53 pm,10:23:32
"Tue, Jan 25",6:52:49 am,5:17:52 pm,10:25:03
"Wed, Jan 26",6:52:16 am,5:18:52 pm,10:26:36
"Thu, Jan 27",6:51:41 am,5:19:51 pm,10:28:10
"Fri, Jan 28",6:51:04 am,5:20:50 pm,10:29:46
"Sat, Jan 29",6:50:26 am,5:21:49 pm,10:31:23
"Sun, Jan 30",6:49:46 am,5:22:48 pm,10:33:02
"Mon, Jan 31",6:49:05 am,5:23:47 pm,10:34:42
"Tue, Feb 1",6:48:22 am,5:24:46 pm,10:36:24
"Wed, Feb 2",6:47:38 am,5:25:45 pm,10:38:07
"Thu, Feb 3",6:46:52 am,5:26:44 pm,10:39:52
"Fri, Feb 4",6:46:04 am,5:27:42 pm,10:41:38
"Sat, Feb 5",6:45:16 am,5:28:40 pm,10:43:24
"Sun, Feb 6",6:44:25 am,5:29:39 pm,10:45:14
"Mon, Feb 7",6:43:34 am,5:30:37 pm,10:47:03
"Tue, Feb 8",6:42:41 am,5:31:34 pm,10:48:53
"Wed, Feb 9",6:41:47 am,5:32:32 pm,10:50:45
"Thu, Feb 10",6:40:51 am,5:33:29 pm,10:52:38
"Fri, Feb 11",6:39:54 am,5:34:26 pm,10:54:32
"Sat, Feb 12",6:38:56 am,5:35:22 pm,10:56:26
"Sun, Feb 13",6:37:57 am,5:36:19 pm,10:58:22
"Mon, Feb 14",6:36:57 am,5:37:15 pm,11:00:18
"Tue, Feb 15",6:35:55 am,5:38:10 pm,11:02:15
"Wed, Feb 16",6:34:53 am,5:39:06 pm,11:04:13
"Thu, Feb 17",6:33:49 am,5:40:01 pm,11:06:12
"Fri, Feb 18",6:32:44 am,5:40:55 pm,11:08:11
"Sat, Feb 19",6:31:39 am,5:41:50 pm,11:10:11
"Sun, Feb 20",6:30:32 am,5:42:44 pm,11:12:12
"Mon, Feb 21",6:29:24 am,5:43:37 pm,11:14:13
"Tue, Feb 22",6:28:15 am,5:44:31 pm,11:16:16
"Wed, Feb 23",6:27:06 am,5:45:24 pm,11:18:18
"Thu, Feb 24",6:25:56 am,5:46:16 pm,11:20:20
"Fri, Feb 25",6:24:44 am,5:47:09 pm,11:22:25
"Sat, Feb 26",6:23:32 am,5:48:01 pm,11:24:29
"Sun, Feb 27",6:22:20 am,5:48:52 pm,11:26:32
"Mon, Feb 28",6:21:06 am,5:49:43 pm,11:28:37
"Tue, Mar 1",6:19:52 am,5:50:34 pm,11:30:42
"Wed, Mar 2",6:18:37 am,5:51:25 pm,11:32:48
"Thu, Mar 3",6:17:22 am,5:52:15 pm,11:34:53
"Fri, Mar 4",6:16:05 am,5:53:05 pm,11:37:00
"Sat, Mar 5",6:14:49 am,5:53:55 pm,11:39:06
"Sun, Mar 6",6:13:32 am,5:54:45 pm,11:41:13
"Mon, Mar 7",6:12:14 am,5:55:34 pm,11:43:20
"Tue, Mar 8",6:10:55 am,5:56:23 pm,11:45:28
"Wed, Mar 9",6:09:37 am,5:57:11 pm,11:47:34
"Thu, Mar 10",6:08:18 am,5:58:00 pm,11:49:42
"Fri, Mar 11",6:06:58 am,5:58:48 pm,11:51:50
"Sat, Mar 12",6:05:38 am,5:59:36 pm,11:53:58
"Sun, Mar 13",7:04:18 am,7:00:23 pm,11:56:05
"Mon, Mar 14",7:02:57 am,7:01:11 pm,11:58:14
"Tue, Mar 15",7:01:36 am,7:01:58 pm,12:00:22
"Wed, Mar 16",7:00:15 am,7:02:45 pm,12:02:30
"Thu, Mar 17",6:58:54 am,7:03:32 pm,12:04:38
"Fri, Mar 18",6:57:32 am,7:04:19 pm,12:06:47
"Sat, Mar 19",6:56:11 am,7:05:05 pm,12:08:54
"Sun, Mar 20",6:54:49 am,7:05:51 pm,12:11:02
"Mon, Mar 21",6:53:27 am,7:06:38 pm,12:13:11
"Tue, Mar 22",6:52:05 am,7:07:24 pm,12:15:19
"Wed, Mar 23",6:50:43 am,7:08:10 pm,12:17:27
"Thu, Mar 24",6:49:21 am,7:08:56 pm,12:19:35
"Fri, Mar 25",6:47:59 am,7:09:42 pm,12:21:43
"Sat, Mar 26",6:46:37 am,7:10:27 pm,12:23:50
"Sun, Mar 27",6:45:15 am,7:11:13 pm,12:25:58
"Mon, Mar 28",6:43:53 am,7:11:59 pm,12:28:06
"Tue, Mar 29",6:42:32 am,7:12:44 pm,12:30:12
"Wed, Mar 30",6:41:10 am,7:13:30 pm,12:32:20
"Thu, Mar 31",6:39:49 am,7:14:15 pm,12:34:26
"Fri, Apr 1",6:38:28 am,7:15:01 pm,12:36:33
"Sat, Apr 2",6:37:07 am,7:15:46 pm,12:38:39
"Sun, Apr 3",6:35:46 am,7:16:32 pm,12:40:46
"Mon, Apr 4",6:34:26 am,7:17:17 pm,12:42:51
"Tue, Apr 5",6:33:06 am,7:18:03 pm,12:44:57
"Wed, Apr 6",6:31:46 am,7:18:49 pm,12:47:03
"Thu, Apr 7",6:30:27 am,7:19:34 pm,12:49:07
"Fri, Apr 8",6:29:08 am,7:20:20 pm,12:51:12
"Sat, Apr 9",6:27:50 am,7:21:06 pm,12:53:16
"Sun, Apr 10",6:26:32 am,7:21:51 pm,12:55:19
"Mon, Apr 11",6:25:14 am,7:22:37 pm,12:57:23
"Tue, Apr 12",6:23:58 am,7:23:23 pm,12:59:25
"Wed, Apr 13",6:22:41 am,7:24:09 pm,13:01:28
"Thu, Apr 14",6:21:26 am,7:24:55 pm,13:03:29
"Fri, Apr 15",6:20:10 am,7:25:41 pm,13:05:31
"Sat, Apr 16",6:18:56 am,7:26:27 pm,13:07:31
"Sun, Apr 17",6:17:42 am,7:27:13 pm,13:09:31
"Mon, Apr 18",6:16:29 am,7:28:00 pm,13:11:31
"Tue, Apr 19",6:15:17 am,7:28:46 pm,13:13:29
"Wed, Apr 20",6:14:05 am,7:29:33 pm,13:15:28
"Thu, Apr 21",6:12:55 am,7:30:19 pm,13:17:24
"Fri, Apr 22",6:11:45 am,7:31:06 pm,13:19:21
"Sat, Apr 23",6:10:35 am,7:31:53 pm,13:21:18
"Sun, Apr 24",6:09:27 am,7:32:39 pm,13:23:12
"Mon, Apr 25",6:08:20 am,7:33:26 pm,13:25:06
"Tue, Apr 26",6:07:13 am,7:34:13 pm,13:27:00
"Wed, Apr 27",6:06:08 am,7:35:00 pm,13:28:52
"Thu, Apr 28",6:05:03 am,7:35:47 pm,13:30:44
"Fri, Apr 29",6:04:00 am,7:36:34 pm,13:32:34
"Sat, Apr 30",6:02:57 am,7:37:21 pm,13:34:24
"Sun, May 1",6:01:56 am,7:38:08 pm,13:36:12
"Mon, May 2",6:00:56 am,7:38:55 pm,13:37:59
"Tue, May 3",5:59:57 am,7:39:42 pm,13:39:45
"Wed, May 4",5:58:59 am,7:40:29 pm,13:41:30
"Thu, May 5",5:58:02 am,7:41:16 pm,13:43:14
"Fri, May 6",5:57:06 am,7:42:02 pm,13:44:56
"Sat, May 7",5:56:12 am,7:42:49 pm,13:46:37
"Sun, May 8",5:55:18 am,7:43:36 pm,13:48:18
"Mon, May 9",5:54:26 am,7:44:22 pm,13:49:56
"Tue, May 10",5:53:36 am,7:45:09 pm,13:51:33
"Wed, May 11",5:52:46 am,7:45:55 pm,13:53:09
"Thu, May 12",5:51:58 am,7:46:41 pm,13:54:43
"Fri, May 13",5:51:12 am,7:47:27 pm,13:56:15
"Sat, May 14",5:50:26 am,7:48:12 pm,13:57:46
"Sun, May 15",5:49:42 am,7:48:57 pm,13:59:15
"Mon, May 16",5:49:00 am,7:49:43 pm,14:00:43
"Tue, May 17",5:48:19 am,7:50:27 pm,14:02:08
"Wed, May 18",5:47:39 am,7:51:12 pm,14:03:33
"Thu, May 19",5:47:01 am,7:51:56 pm,14:04:55
"Fri, May 20",5:46:24 am,7:52:39 pm,14:06:15
"Sat, May 21",5:45:49 am,7:53:22 pm,14:07:33
"Sun, May 22",5:45:16 am,7:54:05 pm,14:08:49
"Mon, May 23",5:44:43 am,7:54:47 pm,14:10:04
"Tue, May 24",5:44:13 am,7:55:29 pm,14:11:16
"Wed, May 25",5:43:44 am,7:56:10 pm,14:12:26
"Thu, May 26",5:43:16 am,7:56:51 pm,14:13:35
"Fri, May 27",5:42:51 am,7:57:30 pm,14:14:39
"Sat, May 28",5:42:26 am,7:58:10 pm,14:15:44
"Sun, May 29",5:42:04 am,7:58:48 pm,14:16:44
"Mon, May 30",5:41:43 am,7:59:26 pm,14:17:43
"Tue, May 31",5:41:23 am,8:00:03 pm,14:18:40
"Wed, Jun 1",5:41:05 am,8:00:39 pm,14:19:34
"Thu, Jun 2",5:40:49 am,8:01:15 pm,14:20:26
"Fri, Jun 3",5:40:34 am,8:01:49 pm,14:21:15
"Sat, Jun 4",5:40:21 am,8:02:23 pm,14:22:02
"Sun, Jun 5",5:40:10 am,8:02:56 pm,14:22:46
"Mon, Jun 6",5:40:00 am,8:03:27 pm,14:23:27
"Tue, Jun 7",5:39:52 am,8:03:58 pm,14:24:06
"Wed, Jun 8",5:39:45 am,8:04:28 pm,14:24:43
"Thu, Jun 9",5:39:40 am,8:04:56 pm,14:25:16
"Fri, Jun 10",5:39:37 am,8:05:24 pm,14:25:47
"Sat, Jun 11",5:39:35 am,8:05:50 pm,14:26:15
"Sun, Jun 12",5:39:34 am,8:06:15 pm,14:26:41
"Mon, Jun 13",5:39:36 am,8:06:39 pm,14:27:03
"Tue, Jun 14",5:39:38 am,8:07:02 pm,14:27:24
"Wed, Jun 15",5:39:43 am,8:07:23 pm,14:27:40
"Thu, Jun 16",5:39:48 am,8:07:43 pm,14:27:55
"Fri, Jun 17",5:39:56 am,8:08:02 pm,14:28:06
"Sat, Jun 18",5:40:04 am,8:08:19 pm,14:28:15
"Sun, Jun 19",5:40:15 am,8:08:35 pm,14:28:20
"Mon, Jun 20",5:40:26 am,8:08:50 pm,14:28:24
"Tue, Jun 21",5:40:39 am,8:09:03 pm,14:28:24
"Wed, Jun 22",5:40:54 am,8:09:14 pm,14:28:20
"Thu, Jun 23",5:41:09 am,8:09:25 pm,14:28:16
"Fri, Jun 24",5:41:26 am,8:09:33 pm,14:28:07
"Sat, Jun 25",5:41:45 am,8:09:40 pm,14:27:55
"Sun, Jun 26",5:42:04 am,8:09:46 pm,14:27:42
"Mon, Jun 27",5:42:25 am,8:09:50 pm,14:27:25
"Tue, Jun 28",5:42:47 am,8:09:53 pm,14:27:06
"Wed, Jun 29",5:43:11 am,8:09:53 pm,14:26:42
"Thu, Jun 30",5:43:35 am,8:09:53 pm,14:26:18
"Fri, Jul 1",5:44:00 am,8:09:50 pm,14:25:50
"Sat, Jul 2",5:44:27 am,8:09:47 pm,14:25:20
"Sun, Jul 3",5:44:55 am,8:09:41 pm,14:24:46
"Mon, Jul 4",5:45:23 am,8:09:34 pm,14:24:11
"Tue, Jul 5",5:45:53 am,8:09:25 pm,14:23:32
"Wed, Jul 6",5:46:23 am,8:09:14 pm,14:22:51
"Thu, Jul 7",5:46:55 am,8:09:02 pm,14:22:07
"Fri, Jul 8",5:47:27 am,8:08:48 pm,14:21:21
"Sat, Jul 9",5:48:00 am,8:08:33 pm,14:20:33
"Sun, Jul 10",5:48:34 am,8:08:16 pm,14:19:42
"Mon, Jul 11",5:49:09 am,8:07:57 pm,14:18:48
"Tue, Jul 12",5:49:45 am,8:07:37 pm,14:17:52
"Wed, Jul 13",5:50:21 am,8:07:15 pm,14:16:54
"Thu, Jul 14",5:50:58 am,8:06:51 pm,14:15:53
"Fri, Jul 15",5:51:35 am,8:06:26 pm,14:14:51
"Sat, Jul 16",5:52:13 am,8:05:59 pm,14:13:46
"Sun, Jul 17",5:52:52 am,8:05:30 pm,14:12:38
"Mon, Jul 18",5:53:31 am,8:05:00 pm,14:11:29
"Tue, Jul 19",5:54:11 am,8:04:28 pm,14:10:17
"Wed, Jul 20",5:54:51 am,8:03:55 pm,14:09:04
"Thu, Jul 21",5:55:31 am,8:03:20 pm,14:07:49
"Fri, Jul 22",5:56:12 am,8:02:44 pm,14:06:32
"Sat, Jul 23",5:56:53 am,8:02:06 pm,14:05:13
"Sun, Jul 24",5:57:35 am,8:01:27 pm,14:03:52
"Mon, Jul 25",5:58:17 am,8:00:46 pm,14:02:29
"Tue, Jul 26",5:58:59 am,8:00:03 pm,14:01:04
"Wed, Jul 27",5:59:42 am,7:59:19 pm,13:59:37
"Thu, Jul 28",6:00:24 am,7:58:34 pm,13:58:10
"Fri, Jul 29",6:01:07 am,7:57:48 pm,13:56:41
"Sat, Jul 30",6:01:50 am,7:56:59 pm,13:55:09
"Sun, Jul 31",6:02:34 am,7:56:10 pm,13:53:36
"Mon, Aug 1",6:03:17 am,7:55:19 pm,13:52:02
"Tue, Aug 2",6:04:01 am,7:54:27 pm,13:50:26
"Wed, Aug 3",6:04:44 am,7:53:34 pm,13:48:50
"Thu, Aug 4",6:05:28 am,7:52:39 pm,13:47:11
"Fri, Aug 5",6:06:12 am,7:51:43 pm,13:45:31
"Sat, Aug 6",6:06:55 am,7:50:46 pm,13:43:51
"Sun, Aug 7",6:07:39 am,7:49:47 pm,13:42:08
"Mon, Aug 8",6:08:23 am,7:48:48 pm,13:40:25
"Tue, Aug 9",6:09:07 am,7:47:47 pm,13:38:40
"Wed, Aug 10",6:09:50 am,7:46:45 pm,13:36:55
"Thu, Aug 11",6:10:34 am,7:45:42 pm,13:35:08
"Fri, Aug 12",6:11:18 am,7:44:38 pm,13:33:20
"Sat, Aug 13",6:12:01 am,7:43:33 pm,13:31:32
"Sun, Aug 14",6:12:45 am,7:42:27 pm,13:29:42
"Mon, Aug 15",6:13:28 am,7:41:20 pm,13:27:52
"Tue, Aug 16",6:14:12 am,7:40:12 pm,13:26:00
"Wed, Aug 17",6:14:55 am,7:39:03 pm,13:24:08
"Thu, Aug 18",6:15:38 am,7:37:53 pm,13:22:15
"Fri, Aug 19",6:16:21 am,7:36:42 pm,13:20:21
"Sat, Aug 20",6:17:04 am,7:35:30 pm,13:18:26
"Sun, Aug 21",6:17:47 am,7:34:18 pm,13:16:31
"Mon, Aug 22",6:18:30 am,7:33:04 pm,13:14:34
"Tue, Aug 23",6:19:13 am,7:31:50 pm,13:12:37
"Wed, Aug 24",6:19:55 am,7:30:35 pm,13:10:40
"Thu, Aug 25",6:20:38 am,7:29:20 pm,13:08:42
"Fri, Aug 26",6:21:20 am,7:28:03 pm,13:06:43
"Sat, Aug 27",6:22:02 am,7:26:46 pm,13:04:44
"Sun, Aug 28",6:22:44 am,7:25:29 pm,13:02:45
"Mon, Aug 29",6:23:26 am,7:24:11 pm,13:00:45
"Tue, Aug 30",6:24:08 am,7:22:52 pm,12:58:44
"Wed, Aug 31",6:24:50 am,7:21:33 pm,12:56:43
"Thu, Sep 1",6:25:32 am,7:20:13 pm,12:54:41
"Fri, Sep 2",6:26:13 am,7:18:52 pm,12:52:39
"Sat, Sep 3",6:26:55 am,7:17:32 pm,12:50:37
"Sun, Sep 4",6:27:37 am,7:16:10 pm,12:48:33
"Mon, Sep 5",6:28:18 am,7:14:49 pm,12:46:31
"Tue, Sep 6",6:28:59 am,7:13:27 pm,12:44:28
"Wed, Sep 7",6:29:41 am,7:12:04 pm,12:42:23
"Thu, Sep 8",6:30:22 am,7:10:42 pm,12:40:20
"Fri, Sep 9",6:31:03 am,7:09:19 pm,12:38:16
"Sat, Sep 10",6:31:45 am,7:07:55 pm,12:36:10
"Sun, Sep 11",6:32:26 am,7:06:32 pm,12:34:06
"Mon, Sep 12",6:33:07 am,7:05:08 pm,12:32:01
"Tue, Sep 13",6:33:49 am,7:03:44 pm,12:29:55
"Wed, Sep 14",6:34:30 am,7:02:20 pm,12:27:50
"Thu, Sep 15",6:35:11 am,7:00:56 pm,12:25:45
"Fri, Sep 16",6:35:53 am,6:59:32 pm,12:23:39
"Sat, Sep 17",6:36:34 am,6:58:07 pm,12:21:33
"Sun, Sep 18",6:37:16 am,6:56:43 pm,12:19:27
"Mon, Sep 19",6:37:57 am,6:55:19 pm,12:17:22
"Tue, Sep 20",6:38:39 am,6:53:54 pm,12:15:15
"Wed, Sep 21",6:39:21 am,6:52:30 pm,12:13:09
"Thu, Sep 22",6:40:03 am,6:51:06 pm,12:11:03
"Fri, Sep 23",6:40:45 am,6:49:41 pm,12:08:56
"Sat, Sep 24",6:41:27 am,6:48:17 pm,12:06:50
"Sun, Sep 25",6:42:09 am,6:46:54 pm,12:04:45
"Mon, Sep 26",6:42:52 am,6:45:30 pm,12:02:38
"Tue, Sep 27",6:43:35 am,6:44:06 pm,12:00:31
"Wed, Sep 28",6:44:17 am,6:42:43 pm,11:58:26
"Thu, Sep 29",6:45:01 am,6:41:20 pm,11:56:19
"Fri, Sep 30",6:45:44 am,6:39:57 pm,11:54:13
"Sat, Oct 1",6:46:27 am,6:38:35 pm,11:52:08
"Sun, Oct 2",6:47:11 am,6:37:13 pm,11:50:02
"Mon, Oct 3",6:47:55 am,6:35:52 pm,11:47:57
"Tue, Oct 4",6:48:40 am,6:34:30 pm,11:45:50
"Wed, Oct 5",6:49:24 am,6:33:10 pm,11:43:46
"Thu, Oct 6",6:50:09 am,6:31:49 pm,11:41:40
"Fri, Oct 7",6:50:54 am,6:30:30 pm,11:39:36
"Sat, Oct 8",6:51:40 am,6:29:11 pm,11:37:31
"Sun, Oct 9",6:52:25 am,6:27:52 pm,11:35:27
"Mon, Oct 10",6:53:11 am,6:26:34 pm,11:33:23
"Tue, Oct 11",6:53:58 am,6:25:16 pm,11:31:18
"Wed, Oct 12",6:54:45 am,6:24:00 pm,11:29:15
"Thu, Oct 13",6:55:32 am,6:22:44 pm,11:27:12
"Fri, Oct 14",6:56:19 am,6:21:28 pm,11:25:09
"Sat, Oct 15",6:57:07 am,6:20:14 pm,11:23:07
"Sun, Oct 16",6:57:55 am,6:19:00 pm,11:21:05
"Mon, Oct 17",6:58:43 am,6:17:47 pm,11:19:04
"Tue, Oct 18",6:59:32 am,6:16:35 pm,11:17:03
"Wed, Oct 19",7:00:22 am,6:15:24 pm,11:15:02
"Thu, Oct 20",7:01:11 am,6:14:13 pm,11:13:02
"Fri, Oct 21",7:02:01 am,6:13:04 pm,11:11:03
"Sat, Oct 22",7:02:51 am,6:11:55 pm,11:09:04
"Sun, Oct 23",7:03:42 am,6:10:48 pm,11:07:06
"Mon, Oct 24",7:04:33 am,6:09:41 pm,11:05:08
"Tue, Oct 25",7:05:25 am,6:08:36 pm,11:03:11
"Wed, Oct 26",7:06:16 am,6:07:32 pm,11:01:16
"Thu, Oct 27",7:07:09 am,6:06:29 pm,10:59:20
"Fri, Oct 28",7:08:01 am,6:05:27 pm,10:57:26
"Sat, Oct 29",7:08:54 am,6:04:26 pm,10:55:32
"Sun, Oct 30",7:09:47 am,6:03:26 pm,10:53:39
"Mon, Oct 31",7:10:41 am,6:02:28 pm,10:51:47
"Tue, Nov 1",7:11:34 am,6:01:31 pm,10:49:57
"Wed, Nov 2",7:12:28 am,6:00:35 pm,10:48:07
"Thu, Nov 3",7:13:23 am,5:59:40 pm,10:46:17
"Fri, Nov 4",7:14:18 am,5:58:47 pm,10:44:29
"Sat, Nov 5",7:15:13 am,5:57:56 pm,10:42:43
"Sun, Nov 6",6:16:08 am,4:57:05 pm,10:40:57
"Mon, Nov 7",6:17:03 am,4:56:16 pm,10:39:13
"Tue, Nov 8",6:17:59 am,4:55:29 pm,10:37:30
"Wed, Nov 9",6:18:55 am,4:54:43 pm,10:35:48
"Thu, Nov 10",6:19:51 am,4:53:59 pm,10:34:08
"Fri, Nov 11",6:20:47 am,4:53:16 pm,10:32:29
"Sat, Nov 12",6:21:43 am,4:52:35 pm,10:30:52
"Sun, Nov 13",6:22:39 am,4:51:55 pm,10:29:16
"Mon, Nov 14",6:23:36 am,4:51:17 pm,10:27:41
"Tue, Nov 15",6:24:32 am,4:50:41 pm,10:26:09
"Wed, Nov 16",6:25:28 am,4:50:06 pm,10:24:38
"Thu, Nov 17",6:26:25 am,4:49:34 pm,10:23:09
"Fri, Nov 18",6:27:21 am,4:49:02 pm,10:21:41
"Sat, Nov 19",6:28:17 am,4:48:33 pm,10:20:16
"Sun, Nov 20",6:29:13 am,4:48:05 pm,10:18:52
"Mon, Nov 21",6:30:09 am,4:47:39 pm,10:17:30
"Tue, Nov 22",6:31:05 am,4:47:15 pm,10:16:10
"Wed, Nov 23",6:32:01 am,4:46:53 pm,10:14:52
"Thu, Nov 24",6:32:56 am,4:46:33 pm,10:13:37
"Fri, Nov 25",6:33:51 am,4:46:14 pm,10:12:23
"Sat, Nov 26",6:34:45 am,4:45:57 pm,10:11:12
"Sun, Nov 27",6:35:39 am,4:45:42 pm,10:10:03
"Mon, Nov 28",6:36:33 am,4:45:29 pm,10:08:56
"Tue, Nov 29",6:37:26 am,4:45:18 pm,10:07:52
"Wed, Nov 30",6:38:19 am,4:45:09 pm,10:06:50
"Thu, Dec 1",6:39:11 am,4:45:02 pm,10:05:51
"Fri, Dec 2",6:40:02 am,4:44:56 pm,10:04:54
"Sat, Dec 3",6:40:53 am,4:44:53 pm,10:04:00
"Sun, Dec 4",6:41:43 am,4:44:51 pm,10:03:08
"Mon, Dec 5",6:42:32 am,4:44:52 pm,10:02:20
"Tue, Dec 6",6:43:20 am,4:44:54 pm,10:01:34
"Wed, Dec 7",6:44:08 am,4:44:58 pm,10:00:50
"Thu, Dec 8",6:44:55 am,4:45:04 pm,10:00:09
"Fri, Dec 9",6:45:40 am,4:45:12 pm,09:59:32
"Sat, Dec 10",6:46:25 am,4:45:21 pm,09:58:56
"Sun, Dec 11",6:47:08 am,4:45:33 pm,09:58:25
"Mon, Dec 12",6:47:51 am,4:45:46 pm,09:57:55
"Tue, Dec 13",6:48:32 am,4:46:01 pm,09:57:29
"Wed, Dec 14",6:49:12 am,4:46:18 pm,09:57:06
"Thu, Dec 15",6:49:51 am,4:46:37 pm,09:56:46
"Fri, Dec 16",6:50:29 am,4:46:58 pm,09:56:29
"Sat, Dec 17",6:51:05 am,4:47:20 pm,09:56:15
"Sun, Dec 18",6:51:40 am,4:47:44 pm,09:56:04
"Mon, Dec 19",6:52:14 am,4:48:10 pm,09:55:56
"Tue, Dec 20",6:52:46 am,4:48:37 pm,09:55:51
"Wed, Dec 21",6:53:17 am,4:49:06 pm,09:55:49
"Thu, Dec 22",6:53:46 am,4:49:37 pm,09:55:51
"Fri, Dec 23",6:54:14 am,4:50:09 pm,09:55:55
"Sat, Dec 24",6:54:40 am,4:50:42 pm,09:56:02
"Sun, Dec 25",6:55:04 am,4:51:17 pm,09:56:13
"Mon, Dec 26",6:55:27 am,4:51:54 pm,09:56:27
"Tue, Dec 27",6:55:48 am,4:52:32 pm,09:56:44
"Wed, Dec 28",6:56:07 am,4:53:11 pm,09:57:04
"Thu, Dec 29",6:56:25 am,4:53:51 pm,09:57:26
"Fri, Dec 30",6:56:41 am,4:54:33 pm,09:57:52
"Sat, Dec 31",6:56:55 am,4:55:16 pm,09:58:21
