Date,Sunrise,Sunset
"Sat, Jan 1",6:57:11 am,4:56:12 pm
"Sun, Jan 2",6:57:21 am,4:56:57 pm
"Mon, Jan 3",6:57:29 am,4:57:44 pm
"Tue, Jan 4",6:57:36 am,4:58:32 pm
"Wed, Jan 5",6:57:41 am,4:59:21 pm
"Thu, Jan 6",6:57:44 am,5:00:10 pm
"Fri, Jan 7",6:57:45 am,5:01:01 pm
"Sat, Jan 8",6:57:44 am,5:01:52 pm
"Sun, Jan 9",6:57:41 am,5:02:45 pm
"Mon, Jan 10",6:57:37 am,5:03:38 pm
"Tue, Jan 11",6:57:30 am,5:04:31 pm
"Wed, Jan 12",6:57:22 am,5:05:26 pm
"Thu, Jan 13",6:57:12 am,5:06:21 pm
"Fri, Jan 14",6:57:00 am,5:07:16 pm
"Sat, Jan 15",6:56:46 am,5:08:12 pm
"Sun, Jan 16",6:56:30 am,5:09:09 pm
"Mon, Jan 17",6:56:13 am,5:10:06 pm
"Tue, Jan 18",6:55:54 am,5:11:03 pm
"Wed, Jan 19",6:55:33 am,5:12:01 pm
"Thu, Jan 20",6:55:10 am,5:12:59 pm
"Fri, Jan 21",6:54:45 am,5:13:57 pm
"Sat, Jan 22",6:54:19 am,5:14:56 pm
"Sun, Jan 23",6:53:51 am,5:15:55 pm
"Mon, Jan 24",6:53:21 am,5:16:53 pm
"Tue, Jan 25",6:52:49 am,5:17:52 pm
"Wed, Jan 26",6:52:16 am,5:18:52 pm
"Thu, Jan 27",6:51:41 am,5:19:51 pm
"Fri, Jan 28",6:51:04 am,5:20:50 pm
"Sat, Jan 29",6:50:26 am,5:21:49 pm
"Sun, Jan 30",6:49:46 am,5:22:48 pm
"Mon, Jan 31",6:49:05 am,5:23:47 pm
"Tue, Feb 1",6:48:22 am,5:24:46 pm
"Wed, Feb 2",6:47:38 am,5:25:45 pm
"Thu, Feb 3",6:46:52 am,5:26:44 pm
"Fri, Feb 4",6:46:04 am,5:27:42 pm
"Sat, Feb 5",6:45:16 am,5:28:40 pm
"Sun, Feb 6",6:44:25 am,5:29:39 pm
"Mon, Feb 7",6:43:34 am,5:30:37 pm
"Tue, Feb 8",6:42:41 am,5:31:34 pm
"Wed, Feb 9",6:41:47 am,5:32:32 pm
"Thu, Feb 10",6:40:51 am,5:33:29 pm
"Fri, Feb 11",6:39:54 am,5:34:26 pm
"Sat, Feb 12",6:38:56 am,5:35:22 pm
"Sun, Feb 13",6:37:57 am,5:36:19 pm
"Mon, Feb 14",6:36:57 am,5:37:15 pm
"Tue, Feb 15",6:35:55 am,5:38:10 pm
"Wed, Feb 16",6:34:53 am,5:39:06 pm
"Thu, Feb 17",6:33:49 am,5:40:01 pm
"Fri, Feb 18",6:32:44 am,5:40:55 pm
"Sat, Feb 19",6:31:39 am,5:41:50 pm
"Sun, Feb 20",6:30:32 am,5:42:44 pm
"Mon, Feb 21",6:29:24 am,5:43:37 pm
"Tue, Feb 22",6:28:15 am,5:44:31 pm
"Wed, Feb 23",6:27:06 am,5:45:24 pm
"Thu, Feb 24",6:25:56 am,5:46:16 pm
"Fri, Feb 25",6:24:44 am,5:47:09 pm
"Sat, Feb 26",6:23:32 am,5:48:01 pm
"Sun, Feb 27",6:22:20 am,5:48:52 pm
"Mon, Feb 28",6:21:06 am,5:49:43 pm
"Tue, Mar 1",6:19:52 am,5:50:34 pm
"Wed, Mar 2",6:18:37 am,5:51:25 pm
"Thu, Mar 3",6:17:22 am,5:52:15 pm
"Fri, Mar 4",6:16:05 am,5:53:05 pm
"Sat, Mar 5",6:14:49 am,5:53:55 pm
"Sun, Mar 6",6:13:32 am,5:54:45 pm
"Mon, Mar 7",6:12:14 am,5:55:34 pm
"Tue, Mar 8",6:10:55 am,5:56:23 pm
"Wed, Mar 9",6:09:37 am,5:57:11 pm
"Thu, Mar 10",6:08:18 am,5:58:00 pm
"Fri, Mar 11",6:06:58 am,5:58:48 pm
"Sat, Mar 12",6:05:38 am,5:59:36 pm
"Sun, Mar 13",7:04:18 am,7:00:23 pm
"Mon, Mar 14",7:02:57 am,7:01:11 pm
"Tue, Mar 15",7:01:36 am,7:01:58 pm
"Wed, Mar 16",7:00:15 am,7:02:45 pm
"Thu, Mar 17",6:58:54 am,7:03:32 pm
"Fri, Mar 18",6:57:32 am,7:04:19 pm
"Sat, Mar 19",6:56:11 am,7:05:05 pm
"Sun, Mar 20",6:54:49 am,7:05:51 pm
"Mon, Mar 21",6:53:27 am,7:06:38 pm
"Tue, Mar 22",6:52:05 am,7:07:24 pm
"Wed, Mar 23",6:50:43 am,7:08:10 pm
"Thu, Mar 24",6:49:21 am,7:08:56 pm
"Fri, Mar 25",6:47:59 am,7:09:42 pm
"Sat, Mar 26",6:46:37 am,7:10:27 pm
"Sun, Mar 27",6:45:15 am,7:11:13 pm
"Mon, Mar 28",6:43:53 am,7:11:59 pm
"Tue, Mar 29",6:42:32 am,7:12:44 pm
"Wed, Mar 30",6:41:10 am,7:13:30 pm
"Thu, Mar 31",6:39:49 am,7:14:15 pm
"Fri, Apr 1",6:38:28 am,7:15:01 pm
"Sat, Apr 2",6:37:07 am,7:15:46 pm
"Sun, Apr 3",6:35:46 am,7:16:32 pm
"Mon, Apr 4",6:34:26 am,7:17:17 pm
"Tue, Apr 5",6:33:06 am,7:18:03 pm
"Wed, Apr 6",6:31:46 am,7:18:49 pm
"Thu, Apr 7",6:30:27 am,7:19:34 pm
"Fri, Apr 8",6:29:08 am,7:20:20 pm
"Sat, Apr 9",6:27:50 am,7:21:06 pm
"Sun, Apr 10",6:26:32 am,7:21:51 pm
"Mon, Apr 11",6:25:14 am,7:22:37 pm
"Tue, Apr 12",6:23:58 am,7:23:23 pm
"Wed, Apr 13",6:22:41 am,7:24:09 pm
"Thu, Apr 14",6:21:26 am,7:24:55 pm
"Fri, Apr 15",6:20:10 am,7:25:41 pm
"Sat, Apr 16",6:18:56 am,7:26:27 pm
"Sun, Apr 17",6:17:42 am,7:27:13 pm
"Mon, Apr 18",6:16:29 am,7:28:00 pm
"Tue, Apr 19",6:15:17 am,7:28:46 pm
"Wed, Apr 20",6:14:05 am,7:29:33 pm
"Thu, Apr 21",6:12:55 am,7:30:19 pm
"Fri, Apr 22",6:11:45 am,7:31:06 pm
"Sat, Apr 23",6:10:35 am,7:31:53 pm
"Sun, Apr 24",6:09:27 am,7:32:39 pm
"Mon, Apr 25",6:08:20 am,7:33:26 pm
"Tue, Apr 26",6:07:13 am,7:34:13 pm
"Wed, Apr 27",6:06:08 am,7:35:00 pm
"Thu, Apr 28",6:05:03 am,7:35:47 pm
"Fri, Apr 29",6:04:00 am,7:36:34 pm
"Sat, Apr 30",6:02:57 am,7:37:21 pm
"Sun, May 1",6:01:56 am,7:38:08 pm
"Mon, May 2",6:00:56 am,7:38:55 pm
"Tue, May 3",5:59:57 am,7:39:42 pm
"Wed, May 4",5:58:59 am,7:40:29 pm
"Thu, May 5",5:58:02 am,7:41:16 pm
"Fri, May 6",5:57:06 am,7:42:02 pm
"Sat, May 7",5:56:12 am,7:42:49 pm
"Sun, May 8",5:55:18 am,7:43:36 pm
"Mon, May 9",5:54:26 am,7:44:22 pm
"Tue, May 10",5:53:36 am,7:45:09 pm
"Wed, May 11",5:52:46 am,7:45:55 pm
"Thu, May 12",5:51:58 am,7:46:41 pm
"Fri, May 13",5:51:12 am,7:47:27 pm
"Sat, May 14",5:50:26 am,7:48:12 pm
"Sun, May 15",5:49:42 am,7:48:57 pm
"Mon, May 16",5:49:00 am,7:49:43 pm
"Tue, May 17",5:48:19 am,7:50:27 pm
"Wed, May 18",5:47:39 am,7:51:12 pm
"Thu, May 19",5:47:01 am,7:51:56 pm
"Fri, May 20",5:46:24 am,7:52:39 pm
"Sat, May 21",5:45:49 am,7:53:22 pm
"Sun, May 22",5:45:16 am,7:54:05 pm
"Mon, May 23",5:44:43 am,7:54:47 pm
"Tue, May 24",5:44:13 am,7:55:29 pm
"Wed, May 25",5:43:44 am,7:56:10 pm
"Thu, May 26",5:43:16 am,7:56:51 pm
"Fri, May 27",5:42:51 am,7:57:30 pm
"Sat, May 28",5:42:26 am,7:58:10 pm
"Sun, May 29",5:42:04 am,7:58:48 pm
"Mon, May 30",5:41:43 am,7:59:26 pm
"Tue, May 31",5:41:23 am,8:00:03 pm
"Wed, Jun 1",5:41:05 am,8:00:39 pm
"Thu, Jun 2",5:40:49 am,8:01:15 pm
"Fri, Jun 3",5:40:34 am,8:01:49 pm
"Sat, Jun 4",5:40:21 am,8:02:23 pm
"Sun, Jun 5",5:40:10 am,8:02:56 pm
"Mon, Jun 6",5:40:00 am,8:03:27 pm
"Tue, Jun 7",5:39:52 am,8:03:58 pm
"Wed, Jun 8",5:39:45 am,8:04:28 pm
"Thu, Jun 9",5:39:40 am,8:04:56 pm
"Fri, Jun 10",5:39:37 am,8:05:24 pm
"Sat, Jun 11",5:39:35 am,8:05:50 pm
"Sun, Jun 12",5:39:34 am,8:06:15 pm
"Mon, Jun 13",5:39:36 am,8:06:39 pm
"Tue, Jun 14",5:39:38 am,8:07:02 pm
"Wed, Jun 15",5:39:43 am,8:07:23 pm
"Thu, Jun 16",5:39:48 am,8:07:43 pm
"Fri, Jun 17",5:39:56 am,8:08:02 pm
"Sat, Jun 18",5:40:04 am,8:08:19 pm
"Sun, Jun 19",5:40:15 am,8:08:35 pm
"Mon, Jun 20",5:40:26 am,8:08:50 pm
"Tue, Jun 21",5:40:39 am,8:09:03 pm
"Wed, Jun 22",5:40:54 am,8:09:14 pm
"Thu, Jun 23",5:41:09 am,8:09:25 pm
"Fri, Jun 24",5:41:26 am,8:09:33 pm
"Sat, Jun 25",5:41:45 am,8:09:40 pm
"Sun, Jun 26",5:42:04 am,8:09:46 pm
"Mon, Jun 27",5:42:25 am,8:09:50 pm
"Tue, Jun 28",5:42:47 am,8:09:53 pm
"Wed, Jun 29",5:43:11 am,8:09:53 pm
"Thu, Jun 30",5:43:35 am,8:09:53 pm
"Fri, Jul 1",5:44:00 am,8:09:50 pm
"Sat, Jul 2",5:44:27 am,8:09:47 pm
"Sun, Jul 3",5:44:55 am,8:09:41 pm
"Mon, Jul 4",5:45:23 am,8:09:34 pm
"Tue, Jul 5",5:45:53 am,8:09:25 pm
"Wed, Jul 6",5:46:23 am,8:09:14 pm
"Thu, Jul 7",5:46:55 am,8:09:02 pm
"Fri, Jul 8",5:47:27 am,8:08:48 pm
"Sat, Jul 9",5:48:00 am,8:08:33 pm
"Sun, Jul 10",5:48:34 am,8:08:16 pm
"Mon, Jul 11",5:49:09 am,8:07:57 pm
"Tue, Jul 12",5:49:45 am,8:07:37 pm
"Wed, Jul 13",5:50:21 am,8:07:15 pm
"Thu, Jul 14",5:50:58 am,8:06:51 pm
"Fri, Jul 15",5:51:35 am,8:06:26 pm
"Sat, Jul 16",5:52:13 am,8:05:59 pm
"Sun, Jul 17",5:52:52 am,8:05:30 pm
"Mon, Jul 18",5:53:31 am,8:05:00 pm
"Tue, Jul 19",5:54:11 am,8:04:28 pm
"Wed, Jul 20",5:54:51 am,8:03:55 pm
"Thu, Jul 21",5:55:31 am,8:03:20 pm
"Fri, Jul 22",5:56:12 am,8:02:44 pm
"Sat, Jul 23",5:56:53 am,8:02:06 pm
"Sun, Jul 24",5:57:35 am,8:01:27 pm
"Mon, Jul 25",5:58:17 am,8:00:46 pm
"Tue, Jul 26",5:58:59 am,8:00:03 pm
"Wed, Jul 27",5:59:42 am,7:59:19 pm
"Thu, Jul 28",6:00:24 am,7:58:34 pm
"Fri, Jul 29",6:01:07 am,7:57:48 pm
"Sat, Jul 30",6:01:50 am,7:56:59 pm
"Sun, Jul 31",6:02:34 am,7:56:10 pm
"Mon, Aug 1",6:03:17 am,7:55:19 pm
"Tue, Aug 2",6:04:01 am,7:54:27 pm
"Wed, Aug 3",6:04:44 am,7:53:34 pm
"Thu, Aug 4",6:05:28 am,7:52:39 pm
"Fri, Aug 5",6:06:12 am,7:51:43 pm
"Sat, Aug 6",6:06:55 am,7:50:46 pm
"Sun, Aug 7",6:07:39 am,7:49:47 pm
"Mon, Aug 8",6:08:23 am,7:48:48 pm
"Tue, Aug 9",6:09:07 am,7:47:47 pm
"Wed, Aug 10",6:09:50 am,7:46:45 pm
"Thu, Aug 11",6:10:34 am,7:45:42 pm
"Fri, Aug 12",6:11:18 am,7:44:38 pm
"Sat, Aug 13",6:12:01 am,7:43:33 pm
"Sun, Aug 14",6:12:45 am,7:42:27 pm
"Mon, Aug 15",6:13:28 am,7:41:20 pm
"Tue, Aug 16",6:14:12 am,7:40:12 pm
"Wed, Aug 17",6:14:55 am,7:39:03 pm
"Thu, Aug 18",6:15:38 am,7:37:53 pm
"Fri, Aug 19",6:16:21 am,7:36:42 pm
"Sat, Aug 20",6:17:04 am,7:35:30 pm
"Sun, Aug 21",6:17:47 am,7:34:18 pm
"Mon, Aug 22",6:18:30 am,7:33:04 pm
"Tue, Aug 23",6:19:13 am,7:31:50 pm
"Wed, Aug 24",6:19:55 am,7:30:35 pm
"Thu, Aug 25",6:20:38 am,7:29:20 pm
"Fri, Aug 26",6:21:20 am,7:28:03 pm
"Sat, Aug 27",6:22:02 am,7:26:46 pm
"Sun, Aug 28",6:22:44 am,7:25:29 pm
"Mon, Aug 29",6:23:26 am,7:24:11 pm
"Tue, Aug 30",6:24:08 am,7:22:52 pm
"Wed, Aug 31",6:24:50 am,7:21:33 pm
"Thu, Sep 1",6:25:32 am,7:20:13 pm
"Fri, Sep 2",6:26:13 am,7:18:52 pm
"Sat, Sep 3",6:26:55 am,7:17:32 pm
"Sun, Sep 4",6:27:37 am,7:16:10 pm
"Mon, Sep 5",6:28:18 am,7:14:49 pm
"Tue, Sep 6",6:28:59 am,7:13:27 pm
"Wed, Sep 7",6:29:41 am,7:12:04 pm
"Thu, Sep 8",6:30:22 am,7:10:42 pm
"Fri, Sep 9",6:31:03 am,7:09:19 pm
"Sat, Sep 10",6:31:45 am,7:07:55 pm
"Sun, Sep 11",6:32:26 am,7:06:32 pm
"Mon, Sep 12",6:33:07 am,7:05:08 pm
"Tue, Sep 13",6:33:49 am,7:03:44 pm
"Wed, Sep 14",6:34:30 am,7:02:20 pm
"Thu, Sep 15",6:35:11 am,7:00:56 pm
"Fri, Sep 16",6:35:53 am,6:59:32 pm
"Sat, Sep 17",6:36:34 am,6:58:07 pm
"Sun, Sep 18",6:37:16 am,6:56:43 pm
"Mon, Sep 19",6:37:57 am,6:55:19 pm
"Tue, Sep 20",6:38:39 am,6:53:54 pm
"Wed, Sep 21",6:39:21 am,6:52:30 pm
"Thu, Sep 22",6:40:03 am,6:51:06 pm
"Fri, Sep 23",6:40:45 am,6:49:41 pm
"Sat, Sep 24",6:41:27 am,6:48:17 pm
"Sun, Sep 25",6:42:09 am,6:46:54 pm
"Mon, Sep 26",6:42:52 am,6:45:30 pm
"Tue, Sep 27",6:43:35 am,6:44:06 pm
"Wed, Sep 28",6:44:17 am,6:42:43 pm
"Thu, Sep 29",6:45:01 am,6:41:20 pm
"Fri, Sep 30",6:45:44 am,6:39:57 pm
"Sat, Oct 1",6:46:27 am,6:38:35 pm
"Sun, Oct 2",6:47:11 am,6:37:13 pm
"Mon, Oct 3",6:47:55 am,6:35:52 pm
"Tue, Oct 4",6:48:40 am,6:34:30 pm
"Wed, Oct 5",6:49:24 am,6:33:10 pm
"Thu, Oct 6",6:50:09 am,6:31:49 pm
"Fri, Oct 7",6:50:54 am,6:30:30 pm
"Sat, Oct 8",6:51:40 am,6:29:11 pm
"Sun, Oct 9",6:52:25 am,6:27:52 pm
"Mon, Oct 10",6:53:11 am,6:26:34 pm
"Tue, Oct 11",6:53:58 am,6:25:16 pm
"Wed, Oct 12",6:54:45 am,6:24:00 pm
"Thu, Oct 13",6:55:32 am,6:22:44 pm
"Fri, Oct 14",6:56:19 am,6:21:28 pm
"Sat, Oct 15",6:57:07 am,6:20:14 pm
"Sun, Oct 16",6:57:55 am,6:19:00 pm
"Mon, Oct 17",6:58:43 am,6:17:47 pm
"Tue, Oct 18",6:59:32 am,6:16:35 pm
"Wed, Oct 19",7:00:22 am,6:15:24 pm
"Thu, Oct 20",7:01:11 am,6:14:13 pm
"Fri, Oct 21",7:02:01 am,6:13:04 pm
"Sat, Oct 22",7:02:51 am,6:11:55 pm
"Sun, Oct 23",7:03:42 am,6:10:48 pm
"Mon, Oct 24",7:04:33 am,6:09:41 pm
"Tue, Oct 25",7:05:25 am,6:08:36 pm
"Wed, Oct 26",7:06:16 am,6:07:32 pm
"Thu, Oct 27",7:07:09 am,6:06:29 pm
"Fri, Oct 28",7:08:01 am,6:05:27 pm
"Sat, Oct 29",7:08:54 am,6:04:26 pm
"Sun, Oct 30",7:09:47 am,6:03:26 pm
"Mon, Oct 31",7:10:41 am,6:02:28 pm
"Tue, Nov 1",7:11:34 am,6:01:31 pm
"Wed, Nov 2",7:12:28 am,6:00:35 pm
"Thu, Nov 3",7:13:23 am,5:59:40 pm
"Fri, Nov 4",7:14:18 am,5:58:47 pm
"Sat, Nov 5",7:15:13 am,5:57:56 pm
"Sun, Nov 6",6:16:08 am,4:57:05 pm
"Mon, Nov 7",6:17:03 am,4:56:16 pm
"Tue, Nov 8",6:17:59 am,4:55:29 pm
"Wed, Nov 9",6:18:55 am,4:54:43 pm
"Thu, Nov 10",6:19:51 am,4:53:59 pm
"Fri, Nov 11",6:20:47 am,4:53:16 pm
"Sat, Nov 12",6:21:43 am,4:52:35 pm
"Sun, Nov 13",6:22:39 am,4:51:55 pm
"Mon, Nov 14",6:23:36 am,4:51:17 pm
"Tue, Nov 15",6:24:32 am,4:50:41 pm
"Wed, Nov 16",6:25:28 am,4:50:06 pm
"Thu, Nov 17",6:26:25 am,4:49:34 pm
"Fri, Nov 18",6:27:21 am,4:49:02 pm
"Sat, Nov 19",6:28:17 am,4:48:33 pm
"Sun, Nov 20",6:29:13 am,4:48:05 pm
"Mon, Nov 21",6:30:09 am,4:47:39 pm
"Tue, Nov 22",6:31:05 am,4:47:15 pm
"Wed, Nov 23",6:32:01 am,4:46:53 pm
"Thu, Nov 24",6:32:56 am,4:46:33 pm
"Fri, Nov 25",6:33:51 am,4:46:14 pm
"Sat, Nov 26",6:34:45 am,4:45:57 pm
"Sun, Nov 27",6:35:39 am,4:45:42 pm
"Mon, Nov 28",6:36:33 am,4:45:29 pm
"Tue, Nov 29",6:37:26 am,4:45:18 pm
"Wed, Nov 30",6:38:19 am,4:45:09 pm
"Thu, Dec 1",6:39:11 am,4:45:02 pm
"Fri, Dec 2",6:40:02 am,4:44:56 pm
"Sat, Dec 3",6:40:53 am,4:44:53 pm
"Sun, Dec 4",6:41:43 am,4:44:51 pm
"Mon, Dec 5",6:42:32 am,4:44:52 pm
"Tue, Dec 6",6:43:20 am,4:44:54 pm
"Wed, Dec 7",6:44:08 am,4:44:58 pm
"Thu, Dec 8",6:44:55 am,4:45:04 pm
"Fri, Dec 9",6:45:40 am,4:45:12 pm
"Sat, Dec 10",6:46:25 am,4:45:21 pm
"Sun, Dec 11",6:47:08 am,4:45:33 pm
"Mon, Dec 12",6:47:51 am,4:45:46 pm
"Tue, Dec 13",6:48:32 am,4:46:01 pm
"Wed, Dec 14",6:49:12 am,4:46:18 pm
"Thu, Dec 15",6:49:51 am,4:46:37 pm
"Fri, Dec 16",6:50:29 am,4:46:58 pm
"Sat, Dec 17",6:51:05 am,4:47:20 pm
"Sun, Dec 18",6:51:40 am,4:47:44 pm
"Mon, Dec 19",6:52:14 am,4:48:10 pm
"Tue, Dec 20",6:52:46 am,4:48:37 pm
"Wed, Dec 21",6:53:17 am,4:49:06 pm
"Thu, Dec 22",6:53:46 am,4:49:37 pm
"Fri, Dec 23",6:54:14 am,4:50:09 pm
"Sat, Dec 24",6:54:40 am,4:50:42 pm
"Sun, Dec 25",6:55:04 am,4:51:17 pm
"Mon, Dec 26",6:55:27 am,4:51:54 pm
"Tue, Dec 27",6:55:48 am,4:52:32 pm
"Wed, Dec 28",6:56:07 am,4:53:11 pm
"Thu, Dec 29",6:56:25 am,4:53:51 pm
"Fri, Dec 30",6:56:41 am,4:54:33 pm
"Sat, Dec 31",6:56:55 am,4:55:16 pm
